"../../../Engine/Plugins/Interchange/Runtime/Content/Pipelines/DefaultTexturePipeline.uasset" 0
"../../../Engine/Plugins/Interchange/Runtime/Content/Pipelines/DefaultTexturePipeline.uexp" 1
"../../../Engine/Plugins/Interchange/Runtime/Content/Pipelines/DefaultSceneLevelPipeline.uasset" 2
"../../../Engine/Plugins/Interchange/Runtime/Content/Pipelines/DefaultSceneLevelPipeline.uexp" 3
"../../../Engine/Plugins/Interchange/Runtime/Content/Pipelines/DefaultSceneAssetsPipeline.uasset" 4
"../../../Engine/Plugins/Interchange/Runtime/Content/Pipelines/DefaultSceneAssetsPipeline.uexp" 5
"../../../Engine/Plugins/Interchange/Runtime/Content/Pipelines/DefaultMaterialXPipeline.uasset" 6
"../../../Engine/Plugins/Interchange/Runtime/Content/Pipelines/DefaultMaterialXPipeline.uexp" 7
"../../../Engine/Plugins/Interchange/Runtime/Content/Pipelines/DefaultMaterialPipeline.uasset" 8
"../../../Engine/Plugins/Interchange/Runtime/Content/Pipelines/DefaultMaterialPipeline.uexp" 9
"../../../Engine/Plugins/Interchange/Runtime/Content/Pipelines/DefaultGLTFSceneAssetsPipeline.uasset" 10
"../../../Engine/Plugins/Interchange/Runtime/Content/Pipelines/DefaultGLTFSceneAssetsPipeline.uexp" 11
"../../../Engine/Plugins/Interchange/Runtime/Content/Pipelines/DefaultGLTFPipeline.uasset" 12
"../../../Engine/Plugins/Interchange/Runtime/Content/Pipelines/DefaultGLTFPipeline.uexp" 13
"../../../Engine/Plugins/Interchange/Runtime/Content/Pipelines/DefaultGLTFAssetsPipeline.uasset" 14
"../../../Engine/Plugins/Interchange/Runtime/Content/Pipelines/DefaultGLTFAssetsPipeline.uexp" 15
"../../../Engine/Plugins/Interchange/Runtime/Content/Pipelines/DefaultAssetsPipeline.uasset" 16
"../../../Engine/Plugins/Interchange/Runtime/Content/Pipelines/DefaultAssetsPipeline.uexp" 17
"../../../Engine/Plugins/Animation/ControlRig/Content/Controls/DefaultGizmoLibraryNormalized.uasset" 18
"../../../Engine/Plugins/Animation/ControlRig/Content/Controls/DefaultGizmoLibraryNormalized.uexp" 19
"../../../Engine/Content/EngineSounds/Master.uasset" 20
"../../../Engine/Content/EngineSounds/Master.uexp" 21
"../../../Engine/Content/EngineMaterials/DefaultPhysicalMaterial.uasset" 22
"../../../Engine/Content/EngineMaterials/DefaultPhysicalMaterial.uexp" 23
"../../../Engine/Content/EngineMaterials/DefaultDestructiblePhysicalMaterial.uasset" 24
"../../../Engine/Content/EngineMaterials/DefaultDestructiblePhysicalMaterial.uexp" 25
"../../../Engine/Content/EngineFonts/Faces/RobotoLight.uexp" 26
"../../../Engine/Content/EngineFonts/Faces/RobotoLight.uasset" 27
"../../../Engine/Content/EngineFonts/Faces/RobotoLight.ufont" 28
"../../../Engine/Content/EngineFonts/Faces/RobotoBold.uexp" 29
"../../../Engine/Content/EngineFonts/Faces/RobotoBold.uasset" 30
"../../../Engine/Content/EngineFonts/Faces/RobotoBold.ufont" 31
"../../../Engine/Content/EngineFonts/Faces/RobotoRegular.uexp" 32
"../../../Engine/Content/EngineFonts/Faces/RobotoRegular.uasset" 33
"../../../Engine/Content/EngineFonts/Faces/RobotoRegular.ufont" 34
"../../../Engine/Content/EngineFonts/Faces/DroidSansFallback.uexp" 35
"../../../Engine/Content/EngineFonts/Faces/DroidSansFallback.uasset" 36
"../../../Engine/Content/EngineFonts/Faces/DroidSansFallback.ufont" 37
"../../../Engine/Content/EngineFonts/Faces/RobotoItalic.uexp" 38
"../../../Engine/Content/EngineFonts/Faces/RobotoItalic.uasset" 39
"../../../Engine/Content/EngineFonts/Faces/RobotoItalic.ufont" 40
"../../../Engine/Content/EngineFonts/Faces/RobotoBoldItalic.uexp" 41
"../../../Engine/Content/EngineFonts/Faces/RobotoBoldItalic.uasset" 42
"../../../Engine/Content/EngineFonts/Faces/RobotoBoldItalic.ufont" 43
"../../../Engine/Content/EngineFonts/Roboto.uasset" 44
"../../../Engine/Content/EngineFonts/Roboto.uexp" 45
"../../../Engine/Content/EditorResources/S_Actor.ubulk" 46
"../../../Engine/Content/EditorResources/S_Actor.uasset" 47
"../../../Engine/Content/EditorResources/S_Actor.uexp" 48
"../../../Engine/Content/EditorResources/S_BoxReflectionCapture.uasset" 49
"../../../Engine/Content/EditorResources/S_BoxReflectionCapture.uexp" 50
"../../../Engine/Content/EngineResources/DefaultTextureCube.uasset" 51
"../../../Engine/Content/EngineResources/DefaultTextureCube.uexp" 52
"../../../Engine/Plugins/Runtime/AudioWidgets/Content/Resources/ScrubHandleDown_Clamped.uasset" 53
"../../../Engine/Plugins/Runtime/AudioWidgets/Content/Resources/ScrubHandleDown_Clamped.uexp" 54
"../../../Engine/Content/EngineResources/GradientTexture0.uasset" 55
"../../../Engine/Content/EngineResources/GradientTexture0.uexp" 56
"../../../Engine/Content/EngineResources/DefaultVolumeTexture2D.uasset" 57
"../../../Engine/Content/EngineResources/DefaultVolumeTexture2D.uexp" 58
"../../../Engine/Content/EngineResources/DefaultVolumeTexture.uasset" 59
"../../../Engine/Content/EngineResources/DefaultVolumeTexture.uexp" 60
"../../../Engine/Content/EngineResources/Black.uasset" 61
"../../../Engine/Content/EngineResources/Black.uexp" 62
"../../../Engine/Content/EngineMaterials/PreintegratedSkinBRDF.uasset" 63
"../../../Engine/Content/EngineMaterials/PreintegratedSkinBRDF.uexp" 64
"../../../Engine/Content/EngineMaterials/MiniFont.uasset" 65
"../../../Engine/Content/EngineMaterials/MiniFont.uexp" 66
"../../../Engine/Content/EngineMaterials/FastBlueNoise_vec2_128x128x64.uasset" 67
"../../../Engine/Content/EngineMaterials/FastBlueNoise_vec2_128x128x64.uexp" 68
"../../../Engine/Content/EngineMaterials/FastBlueNoise_scalar_128x128x64.uasset" 69
"../../../Engine/Content/EngineMaterials/FastBlueNoise_scalar_128x128x64.uexp" 70
"../../../Engine/Content/EngineMaterials/DefaultWhiteGrid.ubulk" 71
"../../../Engine/Content/EngineMaterials/DefaultWhiteGrid.uasset" 72
"../../../Engine/Content/EngineMaterials/DefaultWhiteGrid.uexp" 73
"../../../Engine/Content/EngineMaterials/DefaultBokeh.uasset" 74
"../../../Engine/Content/EngineMaterials/DefaultBokeh.uexp" 75
"../../../Engine/Content/EngineMaterials/DefaultBloomKernel.uasset" 76
"../../../Engine/Content/EngineMaterials/DefaultBloomKernel.uexp" 77
"../../../Engine/Content/EngineDamageTypes/DmgTypeBP_Environmental.uasset" 78
"../../../Engine/Content/EngineDamageTypes/DmgTypeBP_Environmental.uexp" 79
"../../../Engine/Content/EditorResources/S_TriggerSphere.uasset" 80
"../../../Engine/Content/EditorResources/S_TriggerSphere.uexp" 81
"../../../Engine/Content/EditorResources/S_TriggerCapsule.uasset" 82
"../../../Engine/Content/EditorResources/S_TriggerCapsule.uexp" 83
"../../../Engine/Content/EditorResources/S_TriggerBox.uasset" 84
"../../../Engine/Content/EditorResources/S_TriggerBox.uexp" 85
"../../../Engine/Content/EditorResources/S_Trigger.ubulk" 86
"../../../Engine/Content/EditorResources/S_Trigger.uasset" 87
"../../../Engine/Content/EditorResources/S_Trigger.uexp" 88
"../../../Engine/Content/EditorResources/S_Terrain.ubulk" 89
"../../../Engine/Content/EditorResources/S_Terrain.uasset" 90
"../../../Engine/Content/EditorResources/S_Terrain.uexp" 91
"../../../Engine/Content/EditorResources/S_Solver.ubulk" 92
"../../../Engine/Content/EditorResources/S_Solver.uasset" 93
"../../../Engine/Content/EditorResources/S_Solver.uexp" 94
"../../../Engine/Content/EditorResources/EmptyActor.uasset" 95
"../../../Engine/Content/EditorResources/EmptyActor.uexp" 96
"../../../Engine/Content/EditorResources/BSPVertex.uasset" 97
"../../../Engine/Content/EditorResources/BSPVertex.uexp" 98
"../../../Engine/Content/EditorLandscapeResources/DefaultAlphaTexture.uasset" 99
"../../../Engine/Content/EditorLandscapeResources/DefaultAlphaTexture.uexp" 100
"../../../Engine/Content/EngineResources/FilmGrains/Marcie_Grain_v3_128_M2_000.uasset" 101
"../../../Engine/Content/EngineResources/FilmGrains/Marcie_Grain_v3_128_M2_000.uexp" 102
"../../../Engine/Content/EngineMaterials/LTC/Sheen_LTC.uasset" 103
"../../../Engine/Content/EngineMaterials/LTC/Sheen_LTC.uexp" 104
"../../../Engine/Content/EngineMaterials/LTC/GGX_LTCMat.uasset" 105
"../../../Engine/Content/EngineMaterials/LTC/GGX_LTCMat.uexp" 106
"../../../Engine/Content/EngineMaterials/LTC/GGX_LTCAmp.uasset" 107
"../../../Engine/Content/EngineMaterials/LTC/GGX_LTCAmp.uexp" 108
"../../../Engine/Content/EngineMaterials/EnergyConservation/Sheen_Energy.uasset" 109
"../../../Engine/Content/EngineMaterials/EnergyConservation/Sheen_Energy.uexp" 110
"../../../Engine/Content/EngineMaterials/EnergyConservation/SheenLegacy_Energy.uasset" 111
"../../../Engine/Content/EngineMaterials/EnergyConservation/SheenLegacy_Energy.uexp" 112
"../../../Engine/Content/EngineMaterials/EnergyConservation/GGX_TransmissionEnergyArray.uasset" 113
"../../../Engine/Content/EngineMaterials/EnergyConservation/GGX_TransmissionEnergyArray.uexp" 114
"../../../Engine/Content/EngineMaterials/EnergyConservation/GGX_ReflectionEnergy.uasset" 115
"../../../Engine/Content/EngineMaterials/EnergyConservation/GGX_ReflectionEnergy.uexp" 116
"../../../Engine/Content/EngineMaterials/EnergyConservation/Diffuse_Energy.uasset" 117
"../../../Engine/Content/EngineMaterials/EnergyConservation/Diffuse_Energy.uexp" 118
"../../../Engine/Content/EditorResources/SequenceRecorder/RecordingIndicator.uasset" 119
"../../../Engine/Content/EditorResources/SequenceRecorder/RecordingIndicator.uexp" 120
"../../../Engine/Content/EditorResources/SequenceRecorder/Countdown.uasset" 121
"../../../Engine/Content/EditorResources/SequenceRecorder/Countdown.uexp" 122
"../../../Engine/Content/EditorMaterials/ParticleSystems/PSysThumbnail_OOD.ubulk" 123
"../../../Engine/Content/EditorMaterials/ParticleSystems/PSysThumbnail_OOD.uasset" 124
"../../../Engine/Content/EditorMaterials/ParticleSystems/PSysThumbnail_OOD.uexp" 125
"../../../Engine/Content/EditorMaterials/ParticleSystems/PSysThumbnail_NoImage.ubulk" 126
"../../../Engine/Content/EditorMaterials/ParticleSystems/PSysThumbnail_NoImage.uasset" 127
"../../../Engine/Content/EditorMaterials/ParticleSystems/PSysThumbnail_NoImage.uexp" 128
"C:/Users/B00645723/Documents/GitHub/DethGrip-Parkour-Game/Deth_Grip_2.0_Parkour/DethGrip/Content/FirstPerson_Main/Blueprints/Damage_System/Enume_DamageResponse.uasset" 129
"C:/Users/B00645723/Documents/GitHub/DethGrip-Parkour-Game/Deth_Grip_2.0_Parkour/DethGrip/Content/FirstPerson_Main/Blueprints/Damage_System/Enume_DamageResponse.uexp" 130
"C:/Users/B00645723/Documents/GitHub/DethGrip-Parkour-Game/Deth_Grip_2.0_Parkour/DethGrip/Content/FirstPerson_Main/Blueprints/Damage_System/Enume_DamageType.uasset" 131
"C:/Users/B00645723/Documents/GitHub/DethGrip-Parkour-Game/Deth_Grip_2.0_Parkour/DethGrip/Content/FirstPerson_Main/Blueprints/Damage_System/Enume_DamageType.uexp" 132
"C:/Users/B00645723/Documents/GitHub/DethGrip-Parkour-Game/Deth_Grip_2.0_Parkour/DethGrip/Content/FirstPerson_Main/Blueprints/Damage_System/S_DamageInfo.uasset" 133
"C:/Users/B00645723/Documents/GitHub/DethGrip-Parkour-Game/Deth_Grip_2.0_Parkour/DethGrip/Content/FirstPerson_Main/Blueprints/Damage_System/S_DamageInfo.uexp" 134
"C:/Users/B00645723/Documents/GitHub/DethGrip-Parkour-Game/Deth_Grip_2.0_Parkour/DethGrip/Content/FirstPerson_Main/Blueprints/Damage_System/BPI_Damageable.uasset" 135
"C:/Users/B00645723/Documents/GitHub/DethGrip-Parkour-Game/Deth_Grip_2.0_Parkour/DethGrip/Content/FirstPerson_Main/Blueprints/Damage_System/BPI_Damageable.uexp" 136
"C:/Users/B00645723/Documents/GitHub/DethGrip-Parkour-Game/Deth_Grip_2.0_Parkour/DethGrip/Content/FirstPerson_Main/UI/UI_Dash_Cooldown.uasset" 137
"C:/Users/B00645723/Documents/GitHub/DethGrip-Parkour-Game/Deth_Grip_2.0_Parkour/DethGrip/Content/FirstPerson_Main/UI/UI_Dash_Cooldown.uexp" 138
"C:/Users/B00645723/Documents/GitHub/DethGrip-Parkour-Game/Deth_Grip_2.0_Parkour/DethGrip/Content/Weapon_Packs/noammo.ubulk" 139
"C:/Users/B00645723/Documents/GitHub/DethGrip-Parkour-Game/Deth_Grip_2.0_Parkour/DethGrip/Content/Weapon_Packs/noammo.uasset" 140
"C:/Users/B00645723/Documents/GitHub/DethGrip-Parkour-Game/Deth_Grip_2.0_Parkour/DethGrip/Content/Weapon_Packs/noammo.uexp" 141
"C:/Users/B00645723/Documents/GitHub/DethGrip-Parkour-Game/Deth_Grip_2.0_Parkour/DethGrip/Content/FirstPerson_Main/Input/Actions/IA_Interact.uasset" 142
"C:/Users/B00645723/Documents/GitHub/DethGrip-Parkour-Game/Deth_Grip_2.0_Parkour/DethGrip/Content/FirstPerson_Main/Input/Actions/IA_Interact.uexp" 143
"C:/Users/B00645723/Documents/GitHub/DethGrip-Parkour-Game/Deth_Grip_2.0_Parkour/DethGrip/Content/FirstPerson_Main/Props/Weapons/Enume_FIreMode.uasset" 144
"C:/Users/B00645723/Documents/GitHub/DethGrip-Parkour-Game/Deth_Grip_2.0_Parkour/DethGrip/Content/FirstPerson_Main/Props/Weapons/Enume_FIreMode.uexp" 145
"C:/Users/B00645723/Documents/GitHub/DethGrip-Parkour-Game/Deth_Grip_2.0_Parkour/DethGrip/Content/FirstPerson_Main/Props/Weapons/Enume_WeaponName.uasset" 146
"C:/Users/B00645723/Documents/GitHub/DethGrip-Parkour-Game/Deth_Grip_2.0_Parkour/DethGrip/Content/FirstPerson_Main/Props/Weapons/Enume_WeaponName.uexp" 147
"C:/Users/B00645723/Documents/GitHub/DethGrip-Parkour-Game/Deth_Grip_2.0_Parkour/DethGrip/Content/FirstPerson_Main/Blueprints/Interfaces/BPI_Interact.uasset" 148
"C:/Users/B00645723/Documents/GitHub/DethGrip-Parkour-Game/Deth_Grip_2.0_Parkour/DethGrip/Content/FirstPerson_Main/Blueprints/Interfaces/BPI_Interact.uexp" 149
"../../../Engine/Content/EditorMeshes/ArcadeEditorSphere.ubulk" 150
"../../../Engine/Content/EditorMeshes/ArcadeEditorSphere.uasset" 151
"../../../Engine/Content/EditorMeshes/ArcadeEditorSphere.uexp" 152
"C:/Users/B00645723/Documents/GitHub/DethGrip-Parkour-Game/Deth_Grip_2.0_Parkour/DethGrip/Content/FirstPerson_Main/Props/Pickups/Ammo_Pickups/BP_PickupMaster.uasset" 153
"C:/Users/B00645723/Documents/GitHub/DethGrip-Parkour-Game/Deth_Grip_2.0_Parkour/DethGrip/Content/FirstPerson_Main/Props/Pickups/Ammo_Pickups/BP_PickupMaster.uexp" 154
"C:/Users/B00645723/Documents/GitHub/DethGrip-Parkour-Game/Deth_Grip_2.0_Parkour/DethGrip/Content/FirstPerson_Main/Props/Pickups/BP_Weapon_Pickup.uasset" 155
"C:/Users/B00645723/Documents/GitHub/DethGrip-Parkour-Game/Deth_Grip_2.0_Parkour/DethGrip/Content/FirstPerson_Main/Props/Pickups/BP_Weapon_Pickup.uexp" 156
"C:/Users/B00645723/Documents/GitHub/DethGrip-Parkour-Game/Deth_Grip_2.0_Parkour/DethGrip/Content/FirstPerson_Main/Blueprints/Interfaces/BPI_Shoot_Weapon.uasset" 157
"C:/Users/B00645723/Documents/GitHub/DethGrip-Parkour-Game/Deth_Grip_2.0_Parkour/DethGrip/Content/FirstPerson_Main/Blueprints/Interfaces/BPI_Shoot_Weapon.uexp" 158
"C:/Users/B00645723/Documents/GitHub/DethGrip-Parkour-Game/Deth_Grip_2.0_Parkour/DethGrip/Content/FirstPerson_Main/Props/Weapons/Enume_WeaponType.uasset" 159
"C:/Users/B00645723/Documents/GitHub/DethGrip-Parkour-Game/Deth_Grip_2.0_Parkour/DethGrip/Content/FirstPerson_Main/Props/Weapons/Enume_WeaponType.uexp" 160
"C:/Users/B00645723/Documents/GitHub/DethGrip-Parkour-Game/Deth_Grip_2.0_Parkour/DethGrip/Content/FirstPerson_Main/Props/Weapons/BP_WeaponMaster.uasset" 161
"C:/Users/B00645723/Documents/GitHub/DethGrip-Parkour-Game/Deth_Grip_2.0_Parkour/DethGrip/Content/FirstPerson_Main/Props/Weapons/BP_WeaponMaster.uexp" 162
"C:/Users/B00645723/Documents/GitHub/DethGrip-Parkour-Game/Deth_Grip_2.0_Parkour/DethGrip/Content/FPWeapon/Audio/FirstPersonTemplateWeaponFire02.ubulk" 163
"C:/Users/B00645723/Documents/GitHub/DethGrip-Parkour-Game/Deth_Grip_2.0_Parkour/DethGrip/Content/FPWeapon/Audio/FirstPersonTemplateWeaponFire02.uasset" 164
"C:/Users/B00645723/Documents/GitHub/DethGrip-Parkour-Game/Deth_Grip_2.0_Parkour/DethGrip/Content/FPWeapon/Audio/FirstPersonTemplateWeaponFire02.uexp" 165
"../../../Engine/Plugins/Animation/ACLPlugin/Content/ACLAnimBoneCompressionSettings.uasset" 166
"../../../Engine/Plugins/Animation/ACLPlugin/Content/ACLAnimBoneCompressionSettings.uexp" 167
"C:/Users/B00645723/Documents/GitHub/DethGrip-Parkour-Game/Deth_Grip_2.0_Parkour/DethGrip/Content/Weapon_Packs/MilitaryWeapSilver/Weapons/Rocket_Launcher_A_Skeleton.uasset" 168
"C:/Users/B00645723/Documents/GitHub/DethGrip-Parkour-Game/Deth_Grip_2.0_Parkour/DethGrip/Content/Weapon_Packs/MilitaryWeapSilver/Weapons/Rocket_Launcher_A_Skeleton.uexp" 169
"../../../Engine/Content/Animation/DefaultVariableFrameStrippingSettings.uasset" 170
"../../../Engine/Content/Animation/DefaultVariableFrameStrippingSettings.uexp" 171
"C:/Users/B00645723/Documents/GitHub/DethGrip-Parkour-Game/Deth_Grip_2.0_Parkour/DethGrip/Content/Weapon_Packs/MilitaryWeapSilver/FX/Textures/T_Smoke_8x8_B_01.ubulk" 172
"C:/Users/B00645723/Documents/GitHub/DethGrip-Parkour-Game/Deth_Grip_2.0_Parkour/DethGrip/Content/Weapon_Packs/MilitaryWeapSilver/FX/Textures/T_Smoke_8x8_B_01.uasset" 173
"C:/Users/B00645723/Documents/GitHub/DethGrip-Parkour-Game/Deth_Grip_2.0_Parkour/DethGrip/Content/Weapon_Packs/MilitaryWeapSilver/FX/Textures/T_Smoke_8x8_B_01.uexp" 174
"C:/Users/B00645723/Documents/GitHub/DethGrip-Parkour-Game/Deth_Grip_2.0_Parkour/DethGrip/Content/Weapon_Packs/MilitaryWeapSilver/FX/Textures/T_Spherical_NormalMap_01.ubulk" 175
"C:/Users/B00645723/Documents/GitHub/DethGrip-Parkour-Game/Deth_Grip_2.0_Parkour/DethGrip/Content/Weapon_Packs/MilitaryWeapSilver/FX/Textures/T_Spherical_NormalMap_01.uasset" 176
"C:/Users/B00645723/Documents/GitHub/DethGrip-Parkour-Game/Deth_Grip_2.0_Parkour/DethGrip/Content/Weapon_Packs/MilitaryWeapSilver/FX/Textures/T_Spherical_NormalMap_01.uexp" 177
"C:/Users/B00645723/Documents/GitHub/DethGrip-Parkour-Game/Deth_Grip_2.0_Parkour/DethGrip/Content/Weapon_Packs/MilitaryWeapSilver/FX/Materials/M_Smoke_8x8_B_01.uasset" 178
"C:/Users/B00645723/Documents/GitHub/DethGrip-Parkour-Game/Deth_Grip_2.0_Parkour/DethGrip/Content/Weapon_Packs/MilitaryWeapSilver/FX/Materials/M_Smoke_8x8_B_01.uexp" 179
"C:/Users/B00645723/Documents/GitHub/DethGrip-Parkour-Game/Deth_Grip_2.0_Parkour/DethGrip/Content/Weapon_Packs/MilitaryWeapSilver/FX/P_RocketLauncher_MuzzleFlash_Rear_01.uasset" 180
"C:/Users/B00645723/Documents/GitHub/DethGrip-Parkour-Game/Deth_Grip_2.0_Parkour/DethGrip/Content/Weapon_Packs/MilitaryWeapSilver/FX/P_RocketLauncher_MuzzleFlash_Rear_01.uexp" 181
"../../../Engine/Content/Functions/Engine_MaterialFunctions02/Fresnel_Function.uasset" 182
"../../../Engine/Content/Functions/Engine_MaterialFunctions02/Fresnel_Function.uexp" 183
"C:/Users/B00645723/Documents/GitHub/DethGrip-Parkour-Game/Deth_Grip_2.0_Parkour/DethGrip/Content/Weapon_Packs/MilitaryWeapSilver/FX/Materials/M_GlowSphere_01.uasset" 184
"C:/Users/B00645723/Documents/GitHub/DethGrip-Parkour-Game/Deth_Grip_2.0_Parkour/DethGrip/Content/Weapon_Packs/MilitaryWeapSilver/FX/Materials/M_GlowSphere_01.uexp" 185
"C:/Users/B00645723/Documents/GitHub/DethGrip-Parkour-Game/Deth_Grip_2.0_Parkour/DethGrip/Content/Weapon_Packs/MilitaryWeapSilver/FX/Meshes/St_Sphere_01.ubulk" 186
"C:/Users/B00645723/Documents/GitHub/DethGrip-Parkour-Game/Deth_Grip_2.0_Parkour/DethGrip/Content/Weapon_Packs/MilitaryWeapSilver/FX/Meshes/St_Sphere_01.uasset" 187
"C:/Users/B00645723/Documents/GitHub/DethGrip-Parkour-Game/Deth_Grip_2.0_Parkour/DethGrip/Content/Weapon_Packs/MilitaryWeapSilver/FX/Meshes/St_Sphere_01.uexp" 188
"C:/Users/B00645723/Documents/GitHub/DethGrip-Parkour-Game/Deth_Grip_2.0_Parkour/DethGrip/Content/Weapon_Packs/MilitaryWeapSilver/FX/Textures/T_FL_Detail_01.ubulk" 189
"C:/Users/B00645723/Documents/GitHub/DethGrip-Parkour-Game/Deth_Grip_2.0_Parkour/DethGrip/Content/Weapon_Packs/MilitaryWeapSilver/FX/Textures/T_FL_Detail_01.uasset" 190
"C:/Users/B00645723/Documents/GitHub/DethGrip-Parkour-Game/Deth_Grip_2.0_Parkour/DethGrip/Content/Weapon_Packs/MilitaryWeapSilver/FX/Textures/T_FL_Detail_01.uexp" 191
"C:/Users/B00645723/Documents/GitHub/DethGrip-Parkour-Game/Deth_Grip_2.0_Parkour/DethGrip/Content/Weapon_Packs/MilitaryWeapSilver/FX/Textures/T_Pistol_Smoke_2x2_A.ubulk" 192
"C:/Users/B00645723/Documents/GitHub/DethGrip-Parkour-Game/Deth_Grip_2.0_Parkour/DethGrip/Content/Weapon_Packs/MilitaryWeapSilver/FX/Textures/T_Pistol_Smoke_2x2_A.uasset" 193
"C:/Users/B00645723/Documents/GitHub/DethGrip-Parkour-Game/Deth_Grip_2.0_Parkour/DethGrip/Content/Weapon_Packs/MilitaryWeapSilver/FX/Textures/T_Pistol_Smoke_2x2_A.uexp" 194
"C:/Users/B00645723/Documents/GitHub/DethGrip-Parkour-Game/Deth_Grip_2.0_Parkour/DethGrip/Content/Weapon_Packs/MilitaryWeapSilver/FX/Materials/M_Pistol_Smoke_2x2_A.uasset" 195
"C:/Users/B00645723/Documents/GitHub/DethGrip-Parkour-Game/Deth_Grip_2.0_Parkour/DethGrip/Content/Weapon_Packs/MilitaryWeapSilver/FX/Materials/M_Pistol_Smoke_2x2_A.uexp" 196
"C:/Users/B00645723/Documents/GitHub/DethGrip-Parkour-Game/Deth_Grip_2.0_Parkour/DethGrip/Content/Weapon_Packs/MilitaryWeapSilver/FX/P_RocketLauncher_MuzzleFlash_Front_01.uasset" 197
"C:/Users/B00645723/Documents/GitHub/DethGrip-Parkour-Game/Deth_Grip_2.0_Parkour/DethGrip/Content/Weapon_Packs/MilitaryWeapSilver/FX/P_RocketLauncher_MuzzleFlash_Front_01.uexp" 198
"C:/Users/B00645723/Documents/GitHub/DethGrip-Parkour-Game/Deth_Grip_2.0_Parkour/DethGrip/Content/Weapon_Packs/MilitaryWeapSilver/Sound/RocketLauncher/Wavs/RocketLauncherA_Fire_ST01.ubulk" 199
"C:/Users/B00645723/Documents/GitHub/DethGrip-Parkour-Game/Deth_Grip_2.0_Parkour/DethGrip/Content/Weapon_Packs/MilitaryWeapSilver/Sound/RocketLauncher/Wavs/RocketLauncherA_Fire_ST01.uasset" 200
"C:/Users/B00645723/Documents/GitHub/DethGrip-Parkour-Game/Deth_Grip_2.0_Parkour/DethGrip/Content/Weapon_Packs/MilitaryWeapSilver/Sound/RocketLauncher/Wavs/RocketLauncherA_Fire_ST01.uexp" 201
"C:/Users/B00645723/Documents/GitHub/DethGrip-Parkour-Game/Deth_Grip_2.0_Parkour/DethGrip/Content/Weapon_Packs/MilitaryWeapSilver/Sound/RocketLauncher/Wavs/RocketLauncherA_Fire_ST02.ubulk" 202
"C:/Users/B00645723/Documents/GitHub/DethGrip-Parkour-Game/Deth_Grip_2.0_Parkour/DethGrip/Content/Weapon_Packs/MilitaryWeapSilver/Sound/RocketLauncher/Wavs/RocketLauncherA_Fire_ST02.uasset" 203
"C:/Users/B00645723/Documents/GitHub/DethGrip-Parkour-Game/Deth_Grip_2.0_Parkour/DethGrip/Content/Weapon_Packs/MilitaryWeapSilver/Sound/RocketLauncher/Wavs/RocketLauncherA_Fire_ST02.uexp" 204
"C:/Users/B00645723/Documents/GitHub/DethGrip-Parkour-Game/Deth_Grip_2.0_Parkour/DethGrip/Content/Weapon_Packs/MilitaryWeapSilver/Sound/RocketLauncher/Wavs/RocketLauncherA_Fire02.ubulk" 205
"C:/Users/B00645723/Documents/GitHub/DethGrip-Parkour-Game/Deth_Grip_2.0_Parkour/DethGrip/Content/Weapon_Packs/MilitaryWeapSilver/Sound/RocketLauncher/Wavs/RocketLauncherA_Fire02.uasset" 206
"C:/Users/B00645723/Documents/GitHub/DethGrip-Parkour-Game/Deth_Grip_2.0_Parkour/DethGrip/Content/Weapon_Packs/MilitaryWeapSilver/Sound/RocketLauncher/Wavs/RocketLauncherA_Fire02.uexp" 207
"C:/Users/B00645723/Documents/GitHub/DethGrip-Parkour-Game/Deth_Grip_2.0_Parkour/DethGrip/Content/Weapon_Packs/MilitaryWeapSilver/Sound/RocketLauncher/Wavs/RocketLauncherA_Fire_ST04.ubulk" 208
"C:/Users/B00645723/Documents/GitHub/DethGrip-Parkour-Game/Deth_Grip_2.0_Parkour/DethGrip/Content/Weapon_Packs/MilitaryWeapSilver/Sound/RocketLauncher/Wavs/RocketLauncherA_Fire_ST04.uasset" 209
"C:/Users/B00645723/Documents/GitHub/DethGrip-Parkour-Game/Deth_Grip_2.0_Parkour/DethGrip/Content/Weapon_Packs/MilitaryWeapSilver/Sound/RocketLauncher/Wavs/RocketLauncherA_Fire_ST04.uexp" 210
"C:/Users/B00645723/Documents/GitHub/DethGrip-Parkour-Game/Deth_Grip_2.0_Parkour/DethGrip/Content/Weapon_Packs/MilitaryWeapSilver/Sound/RocketLauncher/Wavs/RocketLauncherA_Fire01.ubulk" 211
"C:/Users/B00645723/Documents/GitHub/DethGrip-Parkour-Game/Deth_Grip_2.0_Parkour/DethGrip/Content/Weapon_Packs/MilitaryWeapSilver/Sound/RocketLauncher/Wavs/RocketLauncherA_Fire01.uasset" 212
"C:/Users/B00645723/Documents/GitHub/DethGrip-Parkour-Game/Deth_Grip_2.0_Parkour/DethGrip/Content/Weapon_Packs/MilitaryWeapSilver/Sound/RocketLauncher/Wavs/RocketLauncherA_Fire01.uexp" 213
"C:/Users/B00645723/Documents/GitHub/DethGrip-Parkour-Game/Deth_Grip_2.0_Parkour/DethGrip/Content/Weapon_Packs/MilitaryWeapSilver/Sound/RocketLauncher/Wavs/RocketLauncherA_Fire_ST03.ubulk" 214
"C:/Users/B00645723/Documents/GitHub/DethGrip-Parkour-Game/Deth_Grip_2.0_Parkour/DethGrip/Content/Weapon_Packs/MilitaryWeapSilver/Sound/RocketLauncher/Wavs/RocketLauncherA_Fire_ST03.uasset" 215
"C:/Users/B00645723/Documents/GitHub/DethGrip-Parkour-Game/Deth_Grip_2.0_Parkour/DethGrip/Content/Weapon_Packs/MilitaryWeapSilver/Sound/RocketLauncher/Wavs/RocketLauncherA_Fire_ST03.uexp" 216
"C:/Users/B00645723/Documents/GitHub/DethGrip-Parkour-Game/Deth_Grip_2.0_Parkour/DethGrip/Content/Weapon_Packs/MilitaryWeapSilver/Sound/RocketLauncher/Wavs/RocketLauncherA_Fire04.ubulk" 217
"C:/Users/B00645723/Documents/GitHub/DethGrip-Parkour-Game/Deth_Grip_2.0_Parkour/DethGrip/Content/Weapon_Packs/MilitaryWeapSilver/Sound/RocketLauncher/Wavs/RocketLauncherA_Fire04.uasset" 218
"C:/Users/B00645723/Documents/GitHub/DethGrip-Parkour-Game/Deth_Grip_2.0_Parkour/DethGrip/Content/Weapon_Packs/MilitaryWeapSilver/Sound/RocketLauncher/Wavs/RocketLauncherA_Fire04.uexp" 219
"C:/Users/B00645723/Documents/GitHub/DethGrip-Parkour-Game/Deth_Grip_2.0_Parkour/DethGrip/Content/Weapon_Packs/MilitaryWeapSilver/Sound/Attenuation/WeaponShot_att.uasset" 220
"C:/Users/B00645723/Documents/GitHub/DethGrip-Parkour-Game/Deth_Grip_2.0_Parkour/DethGrip/Content/Weapon_Packs/MilitaryWeapSilver/Sound/Attenuation/WeaponShot_att.uexp" 221
"C:/Users/B00645723/Documents/GitHub/DethGrip-Parkour-Game/Deth_Grip_2.0_Parkour/DethGrip/Content/Weapon_Packs/MilitaryWeapSilver/Sound/RocketLauncher/Wavs/RocketLauncherA_Fire03.ubulk" 222
"C:/Users/B00645723/Documents/GitHub/DethGrip-Parkour-Game/Deth_Grip_2.0_Parkour/DethGrip/Content/Weapon_Packs/MilitaryWeapSilver/Sound/RocketLauncher/Wavs/RocketLauncherA_Fire03.uasset" 223
"C:/Users/B00645723/Documents/GitHub/DethGrip-Parkour-Game/Deth_Grip_2.0_Parkour/DethGrip/Content/Weapon_Packs/MilitaryWeapSilver/Sound/RocketLauncher/Wavs/RocketLauncherA_Fire03.uexp" 224
"C:/Users/B00645723/Documents/GitHub/DethGrip-Parkour-Game/Deth_Grip_2.0_Parkour/DethGrip/Content/Weapon_Packs/MilitaryWeapSilver/Sound/RocketLauncher/Cues/RocketLauncherA_Fire_Cue.uasset" 225
"C:/Users/B00645723/Documents/GitHub/DethGrip-Parkour-Game/Deth_Grip_2.0_Parkour/DethGrip/Content/Weapon_Packs/MilitaryWeapSilver/Sound/RocketLauncher/Cues/RocketLauncherA_Fire_Cue.uexp" 226
"../../../Engine/Plugins/Animation/ACLPlugin/Content/ACLAnimCurveCompressionSettings.uasset" 227
"../../../Engine/Plugins/Animation/ACLPlugin/Content/ACLAnimCurveCompressionSettings.uexp" 228
"C:/Users/B00645723/Documents/GitHub/DethGrip-Parkour-Game/Deth_Grip_2.0_Parkour/DethGrip/Content/Weapon_Packs/MilitaryWeapSilver/Weapons/Animations/Fire_RocketLauncher_W.uasset" 229
"C:/Users/B00645723/Documents/GitHub/DethGrip-Parkour-Game/Deth_Grip_2.0_Parkour/DethGrip/Content/Weapon_Packs/MilitaryWeapSilver/Weapons/Animations/Fire_RocketLauncher_W.uexp" 230
"C:/Users/B00645723/Documents/GitHub/DethGrip-Parkour-Game/Deth_Grip_2.0_Parkour/DethGrip/Content/Weapon_Packs/MilitaryWeapDark/Weapons/Textures/Rocket_launcher_B_Masks.ubulk" 231
"C:/Users/B00645723/Documents/GitHub/DethGrip-Parkour-Game/Deth_Grip_2.0_Parkour/DethGrip/Content/Weapon_Packs/MilitaryWeapDark/Weapons/Textures/Rocket_launcher_B_Masks.uasset" 232
"C:/Users/B00645723/Documents/GitHub/DethGrip-Parkour-Game/Deth_Grip_2.0_Parkour/DethGrip/Content/Weapon_Packs/MilitaryWeapDark/Weapons/Textures/Rocket_launcher_B_Masks.uexp" 233
"C:/Users/B00645723/Documents/GitHub/DethGrip-Parkour-Game/Deth_Grip_2.0_Parkour/DethGrip/Content/Weapon_Packs/MilitaryWeapDark/Weapons/Textures/Rocket_launcher_B_Diff.ubulk" 234
"C:/Users/B00645723/Documents/GitHub/DethGrip-Parkour-Game/Deth_Grip_2.0_Parkour/DethGrip/Content/Weapon_Packs/MilitaryWeapDark/Weapons/Textures/Rocket_launcher_B_Diff.uasset" 235
"C:/Users/B00645723/Documents/GitHub/DethGrip-Parkour-Game/Deth_Grip_2.0_Parkour/DethGrip/Content/Weapon_Packs/MilitaryWeapDark/Weapons/Textures/Rocket_launcher_B_Diff.uexp" 236
"C:/Users/B00645723/Documents/GitHub/DethGrip-Parkour-Game/Deth_Grip_2.0_Parkour/DethGrip/Content/Weapon_Packs/MilitaryWeapDark/Weapons/Textures/Assault_Rifle_B_Diff.ubulk" 237
"C:/Users/B00645723/Documents/GitHub/DethGrip-Parkour-Game/Deth_Grip_2.0_Parkour/DethGrip/Content/Weapon_Packs/MilitaryWeapDark/Weapons/Textures/Assault_Rifle_B_Diff.uasset" 238
"C:/Users/B00645723/Documents/GitHub/DethGrip-Parkour-Game/Deth_Grip_2.0_Parkour/DethGrip/Content/Weapon_Packs/MilitaryWeapDark/Weapons/Textures/Assault_Rifle_B_Diff.uexp" 239
"C:/Users/B00645723/Documents/GitHub/DethGrip-Parkour-Game/Deth_Grip_2.0_Parkour/DethGrip/Content/Weapon_Packs/MilitaryWeapDark/Weapons/Textures/Assault_Rifle_B_Masks.ubulk" 240
"C:/Users/B00645723/Documents/GitHub/DethGrip-Parkour-Game/Deth_Grip_2.0_Parkour/DethGrip/Content/Weapon_Packs/MilitaryWeapDark/Weapons/Textures/Assault_Rifle_B_Masks.uasset" 241
"C:/Users/B00645723/Documents/GitHub/DethGrip-Parkour-Game/Deth_Grip_2.0_Parkour/DethGrip/Content/Weapon_Packs/MilitaryWeapDark/Weapons/Textures/Assault_Rifle_B_Masks.uexp" 242
"C:/Users/B00645723/Documents/GitHub/DethGrip-Parkour-Game/Deth_Grip_2.0_Parkour/DethGrip/Content/Weapon_Packs/MilitaryWeapDark/Weapons/Textures/Assault_Rifle_B_Norm.ubulk" 243
"C:/Users/B00645723/Documents/GitHub/DethGrip-Parkour-Game/Deth_Grip_2.0_Parkour/DethGrip/Content/Weapon_Packs/MilitaryWeapDark/Weapons/Textures/Assault_Rifle_B_Norm.uasset" 244
"C:/Users/B00645723/Documents/GitHub/DethGrip-Parkour-Game/Deth_Grip_2.0_Parkour/DethGrip/Content/Weapon_Packs/MilitaryWeapDark/Weapons/Textures/Assault_Rifle_B_Norm.uexp" 245
"C:/Users/B00645723/Documents/GitHub/DethGrip-Parkour-Game/Deth_Grip_2.0_Parkour/DethGrip/Content/Weapon_Packs/MilitaryWeapDark/Weapons/Materials/M_WeaponMaster_01.uasset" 246
"C:/Users/B00645723/Documents/GitHub/DethGrip-Parkour-Game/Deth_Grip_2.0_Parkour/DethGrip/Content/Weapon_Packs/MilitaryWeapDark/Weapons/Materials/M_WeaponMaster_01.uexp" 247
"C:/Users/B00645723/Documents/GitHub/DethGrip-Parkour-Game/Deth_Grip_2.0_Parkour/DethGrip/Content/Weapon_Packs/MilitaryWeapDark/Weapons/Textures/Rocket_launcher_B_Norm.ubulk" 248
"C:/Users/B00645723/Documents/GitHub/DethGrip-Parkour-Game/Deth_Grip_2.0_Parkour/DethGrip/Content/Weapon_Packs/MilitaryWeapDark/Weapons/Textures/Rocket_launcher_B_Norm.uasset" 249
"C:/Users/B00645723/Documents/GitHub/DethGrip-Parkour-Game/Deth_Grip_2.0_Parkour/DethGrip/Content/Weapon_Packs/MilitaryWeapDark/Weapons/Textures/Rocket_launcher_B_Norm.uexp" 250
"C:/Users/B00645723/Documents/GitHub/DethGrip-Parkour-Game/Deth_Grip_2.0_Parkour/DethGrip/Content/Weapon_Packs/MilitaryWeapDark/Weapons/Materials/M_RocketLauncher_01.uasset" 251
"C:/Users/B00645723/Documents/GitHub/DethGrip-Parkour-Game/Deth_Grip_2.0_Parkour/DethGrip/Content/Weapon_Packs/MilitaryWeapDark/Weapons/Materials/M_RocketLauncher_01.uexp" 252
"C:/Users/B00645723/Documents/GitHub/DethGrip-Parkour-Game/Deth_Grip_2.0_Parkour/DethGrip/Content/Weapon_Packs/MilitaryWeapDark/Rocket_Launcher_B_StaticMesh.ubulk" 253
"C:/Users/B00645723/Documents/GitHub/DethGrip-Parkour-Game/Deth_Grip_2.0_Parkour/DethGrip/Content/Weapon_Packs/MilitaryWeapDark/Rocket_Launcher_B_StaticMesh.uasset" 254
"C:/Users/B00645723/Documents/GitHub/DethGrip-Parkour-Game/Deth_Grip_2.0_Parkour/DethGrip/Content/Weapon_Packs/MilitaryWeapDark/Rocket_Launcher_B_StaticMesh.uexp" 255
"C:/Users/B00645723/Documents/GitHub/DethGrip-Parkour-Game/Deth_Grip_2.0_Parkour/DethGrip/Content/FirstPerson_Main/Props/Pickups/BP_Rocket_Launcher_Pickup.uasset" 256
"C:/Users/B00645723/Documents/GitHub/DethGrip-Parkour-Game/Deth_Grip_2.0_Parkour/DethGrip/Content/FirstPerson_Main/Props/Pickups/BP_Rocket_Launcher_Pickup.uexp" 257
"C:/Users/B00645723/Documents/GitHub/DethGrip-Parkour-Game/Deth_Grip_2.0_Parkour/DethGrip/Content/Weapon_Packs/MilitaryWeapDark/Weapons/Rocket_launcher_B_Skeleton.uasset" 258
"C:/Users/B00645723/Documents/GitHub/DethGrip-Parkour-Game/Deth_Grip_2.0_Parkour/DethGrip/Content/Weapon_Packs/MilitaryWeapDark/Weapons/Rocket_launcher_B_Skeleton.uexp" 259
"C:/Users/B00645723/Documents/GitHub/DethGrip-Parkour-Game/Deth_Grip_2.0_Parkour/DethGrip/Content/Weapon_Packs/MilitaryWeapDark/Weapons/Rocket_launcher_B_PhysicsAsset.uasset" 260
"C:/Users/B00645723/Documents/GitHub/DethGrip-Parkour-Game/Deth_Grip_2.0_Parkour/DethGrip/Content/Weapon_Packs/MilitaryWeapDark/Weapons/Rocket_launcher_B_PhysicsAsset.uexp" 261
"C:/Users/B00645723/Documents/GitHub/DethGrip-Parkour-Game/Deth_Grip_2.0_Parkour/DethGrip/Content/Weapon_Packs/MilitaryWeapDark/Weapons/Rocket_launcher_B.uasset" 262
"C:/Users/B00645723/Documents/GitHub/DethGrip-Parkour-Game/Deth_Grip_2.0_Parkour/DethGrip/Content/Weapon_Packs/MilitaryWeapDark/Weapons/Rocket_launcher_B.uexp" 263
"C:/Users/B00645723/Documents/GitHub/DethGrip-Parkour-Game/Deth_Grip_2.0_Parkour/DethGrip/Content/StarterContent/Textures/T_Smoke_SubUV.ubulk" 264
"C:/Users/B00645723/Documents/GitHub/DethGrip-Parkour-Game/Deth_Grip_2.0_Parkour/DethGrip/Content/StarterContent/Textures/T_Smoke_SubUV.uasset" 265
"C:/Users/B00645723/Documents/GitHub/DethGrip-Parkour-Game/Deth_Grip_2.0_Parkour/DethGrip/Content/StarterContent/Textures/T_Smoke_SubUV.uexp" 266
"C:/Users/B00645723/Documents/GitHub/DethGrip-Parkour-Game/Deth_Grip_2.0_Parkour/DethGrip/Content/StarterContent/Textures/T_Smoke_Tiled_D.ubulk" 267
"C:/Users/B00645723/Documents/GitHub/DethGrip-Parkour-Game/Deth_Grip_2.0_Parkour/DethGrip/Content/StarterContent/Textures/T_Smoke_Tiled_D.uasset" 268
"C:/Users/B00645723/Documents/GitHub/DethGrip-Parkour-Game/Deth_Grip_2.0_Parkour/DethGrip/Content/StarterContent/Textures/T_Smoke_Tiled_D.uexp" 269
"C:/Users/B00645723/Documents/GitHub/DethGrip-Parkour-Game/Deth_Grip_2.0_Parkour/DethGrip/Content/StarterContent/Particles/Materials/M_smoke_subUV.uasset" 270
"C:/Users/B00645723/Documents/GitHub/DethGrip-Parkour-Game/Deth_Grip_2.0_Parkour/DethGrip/Content/StarterContent/Particles/Materials/M_smoke_subUV.uexp" 271
"C:/Users/B00645723/Documents/GitHub/DethGrip-Parkour-Game/Deth_Grip_2.0_Parkour/DethGrip/Content/StarterContent/Textures/T_Burst_M.ubulk" 272
"C:/Users/B00645723/Documents/GitHub/DethGrip-Parkour-Game/Deth_Grip_2.0_Parkour/DethGrip/Content/StarterContent/Textures/T_Burst_M.uasset" 273
"C:/Users/B00645723/Documents/GitHub/DethGrip-Parkour-Game/Deth_Grip_2.0_Parkour/DethGrip/Content/StarterContent/Textures/T_Burst_M.uexp" 274
"C:/Users/B00645723/Documents/GitHub/DethGrip-Parkour-Game/Deth_Grip_2.0_Parkour/DethGrip/Content/StarterContent/Particles/Materials/M_Burst.uasset" 275
"C:/Users/B00645723/Documents/GitHub/DethGrip-Parkour-Game/Deth_Grip_2.0_Parkour/DethGrip/Content/StarterContent/Particles/Materials/M_Burst.uexp" 276
"C:/Users/B00645723/Documents/GitHub/DethGrip-Parkour-Game/Deth_Grip_2.0_Parkour/DethGrip/Content/StarterContent/Particles/Materials/m_flare_01.uasset" 277
"C:/Users/B00645723/Documents/GitHub/DethGrip-Parkour-Game/Deth_Grip_2.0_Parkour/DethGrip/Content/StarterContent/Particles/Materials/m_flare_01.uexp" 278
"C:/Users/B00645723/Documents/GitHub/DethGrip-Parkour-Game/Deth_Grip_2.0_Parkour/DethGrip/Content/StarterContent/Textures/T_Explosion_SubUV.ubulk" 279
"C:/Users/B00645723/Documents/GitHub/DethGrip-Parkour-Game/Deth_Grip_2.0_Parkour/DethGrip/Content/StarterContent/Textures/T_Explosion_SubUV.uasset" 280
"C:/Users/B00645723/Documents/GitHub/DethGrip-Parkour-Game/Deth_Grip_2.0_Parkour/DethGrip/Content/StarterContent/Textures/T_Explosion_SubUV.uexp" 281
"C:/Users/B00645723/Documents/GitHub/DethGrip-Parkour-Game/Deth_Grip_2.0_Parkour/DethGrip/Content/StarterContent/Particles/Materials/M_explosion_subUV.uasset" 282
"C:/Users/B00645723/Documents/GitHub/DethGrip-Parkour-Game/Deth_Grip_2.0_Parkour/DethGrip/Content/StarterContent/Particles/Materials/M_explosion_subUV.uexp" 283
"../../../Engine/Content/Functions/Engine_MaterialFunctions01/Gradient/RadialGradient.uasset" 284
"../../../Engine/Content/Functions/Engine_MaterialFunctions01/Gradient/RadialGradient.uexp" 285
"C:/Users/B00645723/Documents/GitHub/DethGrip-Parkour-Game/Deth_Grip_2.0_Parkour/DethGrip/Content/StarterContent/Particles/Materials/M_radial_ramp.uasset" 286
"C:/Users/B00645723/Documents/GitHub/DethGrip-Parkour-Game/Deth_Grip_2.0_Parkour/DethGrip/Content/StarterContent/Particles/Materials/M_radial_ramp.uexp" 287
"C:/Users/B00645723/Documents/GitHub/DethGrip-Parkour-Game/Deth_Grip_2.0_Parkour/DethGrip/Content/StarterContent/Particles/P_Explosion.uasset" 288
"C:/Users/B00645723/Documents/GitHub/DethGrip-Parkour-Game/Deth_Grip_2.0_Parkour/DethGrip/Content/StarterContent/Particles/P_Explosion.uexp" 289
"C:/Users/B00645723/Documents/GitHub/DethGrip-Parkour-Game/Deth_Grip_2.0_Parkour/DethGrip/Content/StarterContent/Audio/Explosion_Cue.uasset" 290
"C:/Users/B00645723/Documents/GitHub/DethGrip-Parkour-Game/Deth_Grip_2.0_Parkour/DethGrip/Content/StarterContent/Audio/Explosion_Cue.uexp" 291
"C:/Users/B00645723/Documents/GitHub/DethGrip-Parkour-Game/Deth_Grip_2.0_Parkour/DethGrip/Content/FirstPerson_Main/Blueprints/Projectiles/BPC_Explosion.uasset" 292
"C:/Users/B00645723/Documents/GitHub/DethGrip-Parkour-Game/Deth_Grip_2.0_Parkour/DethGrip/Content/FirstPerson_Main/Blueprints/Projectiles/BPC_Explosion.uexp" 293
"C:/Users/B00645723/Documents/GitHub/DethGrip-Parkour-Game/Deth_Grip_2.0_Parkour/DethGrip/Content/Weapon_Packs/MilitaryWeapDark/Weapons/RocketLauncherB_Ammo.ubulk" 294
"C:/Users/B00645723/Documents/GitHub/DethGrip-Parkour-Game/Deth_Grip_2.0_Parkour/DethGrip/Content/Weapon_Packs/MilitaryWeapDark/Weapons/RocketLauncherB_Ammo.uasset" 295
"C:/Users/B00645723/Documents/GitHub/DethGrip-Parkour-Game/Deth_Grip_2.0_Parkour/DethGrip/Content/Weapon_Packs/MilitaryWeapDark/Weapons/RocketLauncherB_Ammo.uexp" 296
"C:/Users/B00645723/Documents/GitHub/DethGrip-Parkour-Game/Deth_Grip_2.0_Parkour/DethGrip/Content/FirstPerson_Main/Blueprints/Projectiles/BP_RocketProjectile.uasset" 297
"C:/Users/B00645723/Documents/GitHub/DethGrip-Parkour-Game/Deth_Grip_2.0_Parkour/DethGrip/Content/FirstPerson_Main/Blueprints/Projectiles/BP_RocketProjectile.uexp" 298
"C:/Users/B00645723/Documents/GitHub/DethGrip-Parkour-Game/Deth_Grip_2.0_Parkour/DethGrip/Content/FirstPerson_Main/Props/Weapons/BP_Rocket_Launcher.uasset" 299
"C:/Users/B00645723/Documents/GitHub/DethGrip-Parkour-Game/Deth_Grip_2.0_Parkour/DethGrip/Content/FirstPerson_Main/Props/Weapons/BP_Rocket_Launcher.uexp" 300
"C:/Users/B00645723/Documents/GitHub/DethGrip-Parkour-Game/Deth_Grip_2.0_Parkour/DethGrip/Content/Template_Characters/First_Person/Character/Mesh/SK_Mannequin_Arms_Skeleton.uasset" 301
"C:/Users/B00645723/Documents/GitHub/DethGrip-Parkour-Game/Deth_Grip_2.0_Parkour/DethGrip/Content/Template_Characters/First_Person/Character/Mesh/SK_Mannequin_Arms_Skeleton.uexp" 302
"../../../Engine/Content/Animation/DefaultAnimCurveCompressionSettings.uasset" 303
"../../../Engine/Content/Animation/DefaultAnimCurveCompressionSettings.uexp" 304
"../../../Engine/Content/Animation/DefaultAnimBoneCompressionSettings.uasset" 305
"../../../Engine/Content/Animation/DefaultAnimBoneCompressionSettings.uexp" 306
"C:/Users/B00645723/Documents/GitHub/DethGrip-Parkour-Game/Deth_Grip_2.0_Parkour/DethGrip/Content/Template_Characters/First_Person/Animations/FP_CB_Land.uasset" 307
"C:/Users/B00645723/Documents/GitHub/DethGrip-Parkour-Game/Deth_Grip_2.0_Parkour/DethGrip/Content/Template_Characters/First_Person/Animations/FP_CB_Land.uexp" 308
"C:/Users/B00645723/Documents/GitHub/DethGrip-Parkour-Game/Deth_Grip_2.0_Parkour/DethGrip/Content/Template_Characters/First_Person/Animations/FP_CB_Idle.uasset" 309
"C:/Users/B00645723/Documents/GitHub/DethGrip-Parkour-Game/Deth_Grip_2.0_Parkour/DethGrip/Content/Template_Characters/First_Person/Animations/FP_CB_Idle.uexp" 310
"../../../Engine/Content/Animation/DefaultRecorderBoneCompression.uasset" 311
"../../../Engine/Content/Animation/DefaultRecorderBoneCompression.uexp" 312
"C:/Users/B00645723/Documents/GitHub/DethGrip-Parkour-Game/Deth_Grip_2.0_Parkour/DethGrip/Content/Template_Characters/First_Person/Animations/FP_Run_Fwd.uasset" 313
"C:/Users/B00645723/Documents/GitHub/DethGrip-Parkour-Game/Deth_Grip_2.0_Parkour/DethGrip/Content/Template_Characters/First_Person/Animations/FP_Run_Fwd.uexp" 314
"C:/Users/B00645723/Documents/GitHub/DethGrip-Parkour-Game/Deth_Grip_2.0_Parkour/DethGrip/Content/Template_Characters/First_Person/Animations/FP_Idle.uasset" 315
"C:/Users/B00645723/Documents/GitHub/DethGrip-Parkour-Game/Deth_Grip_2.0_Parkour/DethGrip/Content/Template_Characters/First_Person/Animations/FP_Idle.uexp" 316
"C:/Users/B00645723/Documents/GitHub/DethGrip-Parkour-Game/Deth_Grip_2.0_Parkour/DethGrip/Content/Template_Characters/First_Person/Animations/FP_CB_Run.uasset" 317
"C:/Users/B00645723/Documents/GitHub/DethGrip-Parkour-Game/Deth_Grip_2.0_Parkour/DethGrip/Content/Template_Characters/First_Person/Animations/FP_CB_Run.uexp" 318
"C:/Users/B00645723/Documents/GitHub/DethGrip-Parkour-Game/Deth_Grip_2.0_Parkour/DethGrip/Content/Template_Characters/First_Person/Animations/FP_Land.uasset" 319
"C:/Users/B00645723/Documents/GitHub/DethGrip-Parkour-Game/Deth_Grip_2.0_Parkour/DethGrip/Content/Template_Characters/First_Person/Animations/FP_Land.uexp" 320
"C:/Users/B00645723/Documents/GitHub/DethGrip-Parkour-Game/Deth_Grip_2.0_Parkour/DethGrip/Content/Template_Characters/First_Person/Animations/FP_Jump.uasset" 321
"C:/Users/B00645723/Documents/GitHub/DethGrip-Parkour-Game/Deth_Grip_2.0_Parkour/DethGrip/Content/Template_Characters/First_Person/Animations/FP_Jump.uexp" 322
"C:/Users/B00645723/Documents/GitHub/DethGrip-Parkour-Game/Deth_Grip_2.0_Parkour/DethGrip/Content/Template_Characters/First_Person/Animations/FP_Falling.uasset" 323
"C:/Users/B00645723/Documents/GitHub/DethGrip-Parkour-Game/Deth_Grip_2.0_Parkour/DethGrip/Content/Template_Characters/First_Person/Animations/FP_Falling.uexp" 324
"C:/Users/B00645723/Documents/GitHub/DethGrip-Parkour-Game/Deth_Grip_2.0_Parkour/DethGrip/Content/Template_Characters/First_Person/Animations/FP_CB_Jump.uasset" 325
"C:/Users/B00645723/Documents/GitHub/DethGrip-Parkour-Game/Deth_Grip_2.0_Parkour/DethGrip/Content/Template_Characters/First_Person/Animations/FP_CB_Jump.uexp" 326
"C:/Users/B00645723/Documents/GitHub/DethGrip-Parkour-Game/Deth_Grip_2.0_Parkour/DethGrip/Content/Template_Characters/First_Person/Animations/FP_CB_Falling.uasset" 327
"C:/Users/B00645723/Documents/GitHub/DethGrip-Parkour-Game/Deth_Grip_2.0_Parkour/DethGrip/Content/Template_Characters/First_Person/Animations/FP_CB_Falling.uexp" 328
"C:/Users/B00645723/Documents/GitHub/DethGrip-Parkour-Game/Deth_Grip_2.0_Parkour/DethGrip/Content/Template_Characters/First_Person/Animations/FirstPerson_AnimBP.uasset" 329
"C:/Users/B00645723/Documents/GitHub/DethGrip-Parkour-Game/Deth_Grip_2.0_Parkour/DethGrip/Content/Template_Characters/First_Person/Animations/FirstPerson_AnimBP.uexp" 330
"C:/Users/B00645723/Documents/GitHub/DethGrip-Parkour-Game/Deth_Grip_2.0_Parkour/DethGrip/Content/FirstPerson_Main/Input/Actions/IA_Move.uasset" 331
"C:/Users/B00645723/Documents/GitHub/DethGrip-Parkour-Game/Deth_Grip_2.0_Parkour/DethGrip/Content/FirstPerson_Main/Input/Actions/IA_Move.uexp" 332
"C:/Users/B00645723/Documents/GitHub/DethGrip-Parkour-Game/Deth_Grip_2.0_Parkour/DethGrip/Content/FirstPerson_Main/Input/Actions/IA_Grapple.uasset" 333
"C:/Users/B00645723/Documents/GitHub/DethGrip-Parkour-Game/Deth_Grip_2.0_Parkour/DethGrip/Content/FirstPerson_Main/Input/Actions/IA_Grapple.uexp" 334
"C:/Users/B00645723/Documents/GitHub/DethGrip-Parkour-Game/Deth_Grip_2.0_Parkour/DethGrip/Content/FirstPerson_Main/Input/Actions/IA_Select_Weapon_1.uasset" 335
"C:/Users/B00645723/Documents/GitHub/DethGrip-Parkour-Game/Deth_Grip_2.0_Parkour/DethGrip/Content/FirstPerson_Main/Input/Actions/IA_Select_Weapon_1.uexp" 336
"C:/Users/B00645723/Documents/GitHub/DethGrip-Parkour-Game/Deth_Grip_2.0_Parkour/DethGrip/Content/FirstPerson_Main/Input/Actions/IA_Select_Weapon_2.uasset" 337
"C:/Users/B00645723/Documents/GitHub/DethGrip-Parkour-Game/Deth_Grip_2.0_Parkour/DethGrip/Content/FirstPerson_Main/Input/Actions/IA_Select_Weapon_2.uexp" 338
"C:/Users/B00645723/Documents/GitHub/DethGrip-Parkour-Game/Deth_Grip_2.0_Parkour/DethGrip/Content/FirstPerson_Main/Input/Actions/IA_Shoot_Weapon.uasset" 339
"C:/Users/B00645723/Documents/GitHub/DethGrip-Parkour-Game/Deth_Grip_2.0_Parkour/DethGrip/Content/FirstPerson_Main/Input/Actions/IA_Shoot_Weapon.uexp" 340
"C:/Users/B00645723/Documents/GitHub/DethGrip-Parkour-Game/Deth_Grip_2.0_Parkour/DethGrip/Content/FirstPerson_Main/Input/Actions/IA_Jump.uasset" 341
"C:/Users/B00645723/Documents/GitHub/DethGrip-Parkour-Game/Deth_Grip_2.0_Parkour/DethGrip/Content/FirstPerson_Main/Input/Actions/IA_Jump.uexp" 342
"C:/Users/B00645723/Documents/GitHub/DethGrip-Parkour-Game/Deth_Grip_2.0_Parkour/DethGrip/Content/FirstPerson_Main/Input/Actions/IA_Cast_Heal_Spell.uasset" 343
"C:/Users/B00645723/Documents/GitHub/DethGrip-Parkour-Game/Deth_Grip_2.0_Parkour/DethGrip/Content/FirstPerson_Main/Input/Actions/IA_Cast_Heal_Spell.uexp" 344
"C:/Users/B00645723/Documents/GitHub/DethGrip-Parkour-Game/Deth_Grip_2.0_Parkour/DethGrip/Content/FirstPerson_Main/UI/UI_Game_Over.uasset" 345
"C:/Users/B00645723/Documents/GitHub/DethGrip-Parkour-Game/Deth_Grip_2.0_Parkour/DethGrip/Content/FirstPerson_Main/UI/UI_Game_Over.uexp" 346
"C:/Users/B00645723/Documents/GitHub/DethGrip-Parkour-Game/Deth_Grip_2.0_Parkour/DethGrip/Content/FirstPerson_Main/UI/UI_Level_Timer.uasset" 347
"C:/Users/B00645723/Documents/GitHub/DethGrip-Parkour-Game/Deth_Grip_2.0_Parkour/DethGrip/Content/FirstPerson_Main/UI/UI_Level_Timer.uexp" 348
"C:/Users/B00645723/Documents/GitHub/DethGrip-Parkour-Game/Deth_Grip_2.0_Parkour/DethGrip/Content/FirstPerson_Main/UI/UI_Textures/UI_Dot_Crosshair.uasset" 349
"C:/Users/B00645723/Documents/GitHub/DethGrip-Parkour-Game/Deth_Grip_2.0_Parkour/DethGrip/Content/FirstPerson_Main/UI/UI_Textures/UI_Dot_Crosshair.uexp" 350
"C:/Users/B00645723/Documents/GitHub/DethGrip-Parkour-Game/Deth_Grip_2.0_Parkour/DethGrip/Content/FirstPerson_Main/UI/UI-Player_Hud.uasset" 351
"C:/Users/B00645723/Documents/GitHub/DethGrip-Parkour-Game/Deth_Grip_2.0_Parkour/DethGrip/Content/FirstPerson_Main/UI/UI-Player_Hud.uexp" 352
"C:/Users/B00645723/Documents/GitHub/DethGrip-Parkour-Game/Deth_Grip_2.0_Parkour/DethGrip/Content/Weapon_Packs/MilitaryWeapSilver/Weapons/Pistols_A_PhysicsAsset.uasset" 353
"C:/Users/B00645723/Documents/GitHub/DethGrip-Parkour-Game/Deth_Grip_2.0_Parkour/DethGrip/Content/Weapon_Packs/MilitaryWeapSilver/Weapons/Pistols_A_PhysicsAsset.uexp" 354
"C:/Users/B00645723/Documents/GitHub/DethGrip-Parkour-Game/Deth_Grip_2.0_Parkour/DethGrip/Content/Weapon_Packs/MilitaryWeapSilver/Weapons/Pistols_A_Skeleton.uasset" 355
"C:/Users/B00645723/Documents/GitHub/DethGrip-Parkour-Game/Deth_Grip_2.0_Parkour/DethGrip/Content/Weapon_Packs/MilitaryWeapSilver/Weapons/Pistols_A_Skeleton.uexp" 356
"C:/Users/B00645723/Documents/GitHub/DethGrip-Parkour-Game/Deth_Grip_2.0_Parkour/DethGrip/Content/Weapon_Packs/MilitaryWeapSilver/Weapons/Textures/Pistols_A_Norm.ubulk" 357
"C:/Users/B00645723/Documents/GitHub/DethGrip-Parkour-Game/Deth_Grip_2.0_Parkour/DethGrip/Content/Weapon_Packs/MilitaryWeapSilver/Weapons/Textures/Pistols_A_Norm.uasset" 358
"C:/Users/B00645723/Documents/GitHub/DethGrip-Parkour-Game/Deth_Grip_2.0_Parkour/DethGrip/Content/Weapon_Packs/MilitaryWeapSilver/Weapons/Textures/Pistols_A_Norm.uexp" 359
"C:/Users/B00645723/Documents/GitHub/DethGrip-Parkour-Game/Deth_Grip_2.0_Parkour/DethGrip/Content/Weapon_Packs/MilitaryWeapSilver/Weapons/Textures/Assault_Rifle_A_Norm.ubulk" 360
"C:/Users/B00645723/Documents/GitHub/DethGrip-Parkour-Game/Deth_Grip_2.0_Parkour/DethGrip/Content/Weapon_Packs/MilitaryWeapSilver/Weapons/Textures/Assault_Rifle_A_Norm.uasset" 361
"C:/Users/B00645723/Documents/GitHub/DethGrip-Parkour-Game/Deth_Grip_2.0_Parkour/DethGrip/Content/Weapon_Packs/MilitaryWeapSilver/Weapons/Textures/Assault_Rifle_A_Norm.uexp" 362
"C:/Users/B00645723/Documents/GitHub/DethGrip-Parkour-Game/Deth_Grip_2.0_Parkour/DethGrip/Content/Weapon_Packs/MilitaryWeapSilver/Weapons/Textures/Assault_Rifle_A_masks.ubulk" 363
"C:/Users/B00645723/Documents/GitHub/DethGrip-Parkour-Game/Deth_Grip_2.0_Parkour/DethGrip/Content/Weapon_Packs/MilitaryWeapSilver/Weapons/Textures/Assault_Rifle_A_masks.uasset" 364
"C:/Users/B00645723/Documents/GitHub/DethGrip-Parkour-Game/Deth_Grip_2.0_Parkour/DethGrip/Content/Weapon_Packs/MilitaryWeapSilver/Weapons/Textures/Assault_Rifle_A_masks.uexp" 365
"C:/Users/B00645723/Documents/GitHub/DethGrip-Parkour-Game/Deth_Grip_2.0_Parkour/DethGrip/Content/Weapon_Packs/MilitaryWeapSilver/Weapons/Textures/Assault_Rifle_A_Diff.ubulk" 366
"C:/Users/B00645723/Documents/GitHub/DethGrip-Parkour-Game/Deth_Grip_2.0_Parkour/DethGrip/Content/Weapon_Packs/MilitaryWeapSilver/Weapons/Textures/Assault_Rifle_A_Diff.uasset" 367
"C:/Users/B00645723/Documents/GitHub/DethGrip-Parkour-Game/Deth_Grip_2.0_Parkour/DethGrip/Content/Weapon_Packs/MilitaryWeapSilver/Weapons/Textures/Assault_Rifle_A_Diff.uexp" 368
"C:/Users/B00645723/Documents/GitHub/DethGrip-Parkour-Game/Deth_Grip_2.0_Parkour/DethGrip/Content/Weapon_Packs/MilitaryWeapSilver/Weapons/Materials/M_WeaponMaster_01.uasset" 369
"C:/Users/B00645723/Documents/GitHub/DethGrip-Parkour-Game/Deth_Grip_2.0_Parkour/DethGrip/Content/Weapon_Packs/MilitaryWeapSilver/Weapons/Materials/M_WeaponMaster_01.uexp" 370
"C:/Users/B00645723/Documents/GitHub/DethGrip-Parkour-Game/Deth_Grip_2.0_Parkour/DethGrip/Content/Weapon_Packs/MilitaryWeapSilver/Weapons/Textures/Pistols_A_Masks.ubulk" 371
"C:/Users/B00645723/Documents/GitHub/DethGrip-Parkour-Game/Deth_Grip_2.0_Parkour/DethGrip/Content/Weapon_Packs/MilitaryWeapSilver/Weapons/Textures/Pistols_A_Masks.uasset" 372
"C:/Users/B00645723/Documents/GitHub/DethGrip-Parkour-Game/Deth_Grip_2.0_Parkour/DethGrip/Content/Weapon_Packs/MilitaryWeapSilver/Weapons/Textures/Pistols_A_Masks.uexp" 373
"C:/Users/B00645723/Documents/GitHub/DethGrip-Parkour-Game/Deth_Grip_2.0_Parkour/DethGrip/Content/Weapon_Packs/MilitaryWeapSilver/Weapons/Textures/Pistols_A_Diff.ubulk" 374
"C:/Users/B00645723/Documents/GitHub/DethGrip-Parkour-Game/Deth_Grip_2.0_Parkour/DethGrip/Content/Weapon_Packs/MilitaryWeapSilver/Weapons/Textures/Pistols_A_Diff.uasset" 375
"C:/Users/B00645723/Documents/GitHub/DethGrip-Parkour-Game/Deth_Grip_2.0_Parkour/DethGrip/Content/Weapon_Packs/MilitaryWeapSilver/Weapons/Textures/Pistols_A_Diff.uexp" 376
"C:/Users/B00645723/Documents/GitHub/DethGrip-Parkour-Game/Deth_Grip_2.0_Parkour/DethGrip/Content/Weapon_Packs/MilitaryWeapSilver/Weapons/Materials/M_Pistol_01.uasset" 377
"C:/Users/B00645723/Documents/GitHub/DethGrip-Parkour-Game/Deth_Grip_2.0_Parkour/DethGrip/Content/Weapon_Packs/MilitaryWeapSilver/Weapons/Materials/M_Pistol_01.uexp" 378
"C:/Users/B00645723/Documents/GitHub/DethGrip-Parkour-Game/Deth_Grip_2.0_Parkour/DethGrip/Content/Weapon_Packs/MilitaryWeapSilver/Weapons/Pistols_A.uasset" 379
"C:/Users/B00645723/Documents/GitHub/DethGrip-Parkour-Game/Deth_Grip_2.0_Parkour/DethGrip/Content/Weapon_Packs/MilitaryWeapSilver/Weapons/Pistols_A.uexp" 380
"C:/Users/B00645723/Documents/GitHub/DethGrip-Parkour-Game/Deth_Grip_2.0_Parkour/DethGrip/Content/Weapon_Packs/MilitaryWeapSilver/Weapons/Pistols_A_StaticMesh.ubulk" 381
"C:/Users/B00645723/Documents/GitHub/DethGrip-Parkour-Game/Deth_Grip_2.0_Parkour/DethGrip/Content/Weapon_Packs/MilitaryWeapSilver/Weapons/Pistols_A_StaticMesh.uasset" 382
"C:/Users/B00645723/Documents/GitHub/DethGrip-Parkour-Game/Deth_Grip_2.0_Parkour/DethGrip/Content/Weapon_Packs/MilitaryWeapSilver/Weapons/Pistols_A_StaticMesh.uexp" 383
"C:/Users/B00645723/Documents/GitHub/DethGrip-Parkour-Game/Deth_Grip_2.0_Parkour/DethGrip/Content/FirstPerson_Main/Props/Pickups/BP_Pistol_Pickup.uasset" 384
"C:/Users/B00645723/Documents/GitHub/DethGrip-Parkour-Game/Deth_Grip_2.0_Parkour/DethGrip/Content/FirstPerson_Main/Props/Pickups/BP_Pistol_Pickup.uexp" 385
"C:/Users/B00645723/Documents/GitHub/DethGrip-Parkour-Game/Deth_Grip_2.0_Parkour/DethGrip/Content/Weapon_Packs/MilitaryWeapSilver/FX/Textures/T_Pistol_MuzzleFlashes_4x1_B.ubulk" 386
"C:/Users/B00645723/Documents/GitHub/DethGrip-Parkour-Game/Deth_Grip_2.0_Parkour/DethGrip/Content/Weapon_Packs/MilitaryWeapSilver/FX/Textures/T_Pistol_MuzzleFlashes_4x1_B.uasset" 387
"C:/Users/B00645723/Documents/GitHub/DethGrip-Parkour-Game/Deth_Grip_2.0_Parkour/DethGrip/Content/Weapon_Packs/MilitaryWeapSilver/FX/Textures/T_Pistol_MuzzleFlashes_4x1_B.uexp" 388
"C:/Users/B00645723/Documents/GitHub/DethGrip-Parkour-Game/Deth_Grip_2.0_Parkour/DethGrip/Content/Weapon_Packs/MilitaryWeapSilver/FX/Materials/M_Pistol_MuzzleFlash_4x1_A.uasset" 389
"C:/Users/B00645723/Documents/GitHub/DethGrip-Parkour-Game/Deth_Grip_2.0_Parkour/DethGrip/Content/Weapon_Packs/MilitaryWeapSilver/FX/Materials/M_Pistol_MuzzleFlash_4x1_A.uexp" 390
"C:/Users/B00645723/Documents/GitHub/DethGrip-Parkour-Game/Deth_Grip_2.0_Parkour/DethGrip/Content/Weapon_Packs/MilitaryWeapSilver/FX/Textures/T_Pistol_Streaks_01.ubulk" 391
"C:/Users/B00645723/Documents/GitHub/DethGrip-Parkour-Game/Deth_Grip_2.0_Parkour/DethGrip/Content/Weapon_Packs/MilitaryWeapSilver/FX/Textures/T_Pistol_Streaks_01.uasset" 392
"C:/Users/B00645723/Documents/GitHub/DethGrip-Parkour-Game/Deth_Grip_2.0_Parkour/DethGrip/Content/Weapon_Packs/MilitaryWeapSilver/FX/Textures/T_Pistol_Streaks_01.uexp" 393
"C:/Users/B00645723/Documents/GitHub/DethGrip-Parkour-Game/Deth_Grip_2.0_Parkour/DethGrip/Content/Weapon_Packs/MilitaryWeapSilver/FX/Materials/M_Pistol_Streaks_01.uasset" 394
"C:/Users/B00645723/Documents/GitHub/DethGrip-Parkour-Game/Deth_Grip_2.0_Parkour/DethGrip/Content/Weapon_Packs/MilitaryWeapSilver/FX/Materials/M_Pistol_Streaks_01.uexp" 395
"C:/Users/B00645723/Documents/GitHub/DethGrip-Parkour-Game/Deth_Grip_2.0_Parkour/DethGrip/Content/Weapon_Packs/MilitaryWeapSilver/FX/P_Pistol_MuzzleFlash_01.uasset" 396
"C:/Users/B00645723/Documents/GitHub/DethGrip-Parkour-Game/Deth_Grip_2.0_Parkour/DethGrip/Content/Weapon_Packs/MilitaryWeapSilver/FX/P_Pistol_MuzzleFlash_01.uexp" 397
"C:/Users/B00645723/Documents/GitHub/DethGrip-Parkour-Game/Deth_Grip_2.0_Parkour/DethGrip/Content/Weapon_Packs/MilitaryWeapSilver/Sound/Pistol/Wavs/PistolA_Fire_ST01.ubulk" 398
"C:/Users/B00645723/Documents/GitHub/DethGrip-Parkour-Game/Deth_Grip_2.0_Parkour/DethGrip/Content/Weapon_Packs/MilitaryWeapSilver/Sound/Pistol/Wavs/PistolA_Fire_ST01.uasset" 399
"C:/Users/B00645723/Documents/GitHub/DethGrip-Parkour-Game/Deth_Grip_2.0_Parkour/DethGrip/Content/Weapon_Packs/MilitaryWeapSilver/Sound/Pistol/Wavs/PistolA_Fire_ST01.uexp" 400
"C:/Users/B00645723/Documents/GitHub/DethGrip-Parkour-Game/Deth_Grip_2.0_Parkour/DethGrip/Content/Weapon_Packs/MilitaryWeapSilver/Sound/Pistol/Wavs/PistolA_Fire02.ubulk" 401
"C:/Users/B00645723/Documents/GitHub/DethGrip-Parkour-Game/Deth_Grip_2.0_Parkour/DethGrip/Content/Weapon_Packs/MilitaryWeapSilver/Sound/Pistol/Wavs/PistolA_Fire02.uasset" 402
"C:/Users/B00645723/Documents/GitHub/DethGrip-Parkour-Game/Deth_Grip_2.0_Parkour/DethGrip/Content/Weapon_Packs/MilitaryWeapSilver/Sound/Pistol/Wavs/PistolA_Fire02.uexp" 403
"C:/Users/B00645723/Documents/GitHub/DethGrip-Parkour-Game/Deth_Grip_2.0_Parkour/DethGrip/Content/Weapon_Packs/MilitaryWeapSilver/Sound/Pistol/Wavs/PistolA_Fire_ST06.ubulk" 404
"C:/Users/B00645723/Documents/GitHub/DethGrip-Parkour-Game/Deth_Grip_2.0_Parkour/DethGrip/Content/Weapon_Packs/MilitaryWeapSilver/Sound/Pistol/Wavs/PistolA_Fire_ST06.uasset" 405
"C:/Users/B00645723/Documents/GitHub/DethGrip-Parkour-Game/Deth_Grip_2.0_Parkour/DethGrip/Content/Weapon_Packs/MilitaryWeapSilver/Sound/Pistol/Wavs/PistolA_Fire_ST06.uexp" 406
"C:/Users/B00645723/Documents/GitHub/DethGrip-Parkour-Game/Deth_Grip_2.0_Parkour/DethGrip/Content/Weapon_Packs/MilitaryWeapSilver/Sound/Pistol/Wavs/PistolA_Fire04.ubulk" 407
"C:/Users/B00645723/Documents/GitHub/DethGrip-Parkour-Game/Deth_Grip_2.0_Parkour/DethGrip/Content/Weapon_Packs/MilitaryWeapSilver/Sound/Pistol/Wavs/PistolA_Fire04.uasset" 408
"C:/Users/B00645723/Documents/GitHub/DethGrip-Parkour-Game/Deth_Grip_2.0_Parkour/DethGrip/Content/Weapon_Packs/MilitaryWeapSilver/Sound/Pistol/Wavs/PistolA_Fire04.uexp" 409
"C:/Users/B00645723/Documents/GitHub/DethGrip-Parkour-Game/Deth_Grip_2.0_Parkour/DethGrip/Content/Weapon_Packs/MilitaryWeapSilver/Sound/Pistol/Wavs/PistolA_Fire03.ubulk" 410
"C:/Users/B00645723/Documents/GitHub/DethGrip-Parkour-Game/Deth_Grip_2.0_Parkour/DethGrip/Content/Weapon_Packs/MilitaryWeapSilver/Sound/Pistol/Wavs/PistolA_Fire03.uasset" 411
"C:/Users/B00645723/Documents/GitHub/DethGrip-Parkour-Game/Deth_Grip_2.0_Parkour/DethGrip/Content/Weapon_Packs/MilitaryWeapSilver/Sound/Pistol/Wavs/PistolA_Fire03.uexp" 412
"C:/Users/B00645723/Documents/GitHub/DethGrip-Parkour-Game/Deth_Grip_2.0_Parkour/DethGrip/Content/Weapon_Packs/MilitaryWeapSilver/Sound/Pistol/Wavs/PistolA_Fire_ST04.ubulk" 413
"C:/Users/B00645723/Documents/GitHub/DethGrip-Parkour-Game/Deth_Grip_2.0_Parkour/DethGrip/Content/Weapon_Packs/MilitaryWeapSilver/Sound/Pistol/Wavs/PistolA_Fire_ST04.uasset" 414
"C:/Users/B00645723/Documents/GitHub/DethGrip-Parkour-Game/Deth_Grip_2.0_Parkour/DethGrip/Content/Weapon_Packs/MilitaryWeapSilver/Sound/Pistol/Wavs/PistolA_Fire_ST04.uexp" 415
"C:/Users/B00645723/Documents/GitHub/DethGrip-Parkour-Game/Deth_Grip_2.0_Parkour/DethGrip/Content/Weapon_Packs/MilitaryWeapSilver/Sound/Pistol/Wavs/PistolA_Fire_ST05.ubulk" 416
"C:/Users/B00645723/Documents/GitHub/DethGrip-Parkour-Game/Deth_Grip_2.0_Parkour/DethGrip/Content/Weapon_Packs/MilitaryWeapSilver/Sound/Pistol/Wavs/PistolA_Fire_ST05.uasset" 417
"C:/Users/B00645723/Documents/GitHub/DethGrip-Parkour-Game/Deth_Grip_2.0_Parkour/DethGrip/Content/Weapon_Packs/MilitaryWeapSilver/Sound/Pistol/Wavs/PistolA_Fire_ST05.uexp" 418
"C:/Users/B00645723/Documents/GitHub/DethGrip-Parkour-Game/Deth_Grip_2.0_Parkour/DethGrip/Content/Weapon_Packs/MilitaryWeapSilver/Sound/Pistol/Wavs/PistolA_Fire06.ubulk" 419
"C:/Users/B00645723/Documents/GitHub/DethGrip-Parkour-Game/Deth_Grip_2.0_Parkour/DethGrip/Content/Weapon_Packs/MilitaryWeapSilver/Sound/Pistol/Wavs/PistolA_Fire06.uasset" 420
"C:/Users/B00645723/Documents/GitHub/DethGrip-Parkour-Game/Deth_Grip_2.0_Parkour/DethGrip/Content/Weapon_Packs/MilitaryWeapSilver/Sound/Pistol/Wavs/PistolA_Fire06.uexp" 421
"C:/Users/B00645723/Documents/GitHub/DethGrip-Parkour-Game/Deth_Grip_2.0_Parkour/DethGrip/Content/Weapon_Packs/MilitaryWeapSilver/Sound/Pistol/Wavs/PistolA_Fire05.ubulk" 422
"C:/Users/B00645723/Documents/GitHub/DethGrip-Parkour-Game/Deth_Grip_2.0_Parkour/DethGrip/Content/Weapon_Packs/MilitaryWeapSilver/Sound/Pistol/Wavs/PistolA_Fire05.uasset" 423
"C:/Users/B00645723/Documents/GitHub/DethGrip-Parkour-Game/Deth_Grip_2.0_Parkour/DethGrip/Content/Weapon_Packs/MilitaryWeapSilver/Sound/Pistol/Wavs/PistolA_Fire05.uexp" 424
"C:/Users/B00645723/Documents/GitHub/DethGrip-Parkour-Game/Deth_Grip_2.0_Parkour/DethGrip/Content/Weapon_Packs/MilitaryWeapSilver/Sound/Pistol/Wavs/PistolA_Fire_ST02.ubulk" 425
"C:/Users/B00645723/Documents/GitHub/DethGrip-Parkour-Game/Deth_Grip_2.0_Parkour/DethGrip/Content/Weapon_Packs/MilitaryWeapSilver/Sound/Pistol/Wavs/PistolA_Fire_ST02.uasset" 426
"C:/Users/B00645723/Documents/GitHub/DethGrip-Parkour-Game/Deth_Grip_2.0_Parkour/DethGrip/Content/Weapon_Packs/MilitaryWeapSilver/Sound/Pistol/Wavs/PistolA_Fire_ST02.uexp" 427
"C:/Users/B00645723/Documents/GitHub/DethGrip-Parkour-Game/Deth_Grip_2.0_Parkour/DethGrip/Content/Weapon_Packs/MilitaryWeapSilver/Sound/Pistol/Wavs/PistolA_Fire_ST03.ubulk" 428
"C:/Users/B00645723/Documents/GitHub/DethGrip-Parkour-Game/Deth_Grip_2.0_Parkour/DethGrip/Content/Weapon_Packs/MilitaryWeapSilver/Sound/Pistol/Wavs/PistolA_Fire_ST03.uasset" 429
"C:/Users/B00645723/Documents/GitHub/DethGrip-Parkour-Game/Deth_Grip_2.0_Parkour/DethGrip/Content/Weapon_Packs/MilitaryWeapSilver/Sound/Pistol/Wavs/PistolA_Fire_ST03.uexp" 430
"C:/Users/B00645723/Documents/GitHub/DethGrip-Parkour-Game/Deth_Grip_2.0_Parkour/DethGrip/Content/Weapon_Packs/MilitaryWeapSilver/Sound/Pistol/Wavs/PistolA_Fire01.ubulk" 431
"C:/Users/B00645723/Documents/GitHub/DethGrip-Parkour-Game/Deth_Grip_2.0_Parkour/DethGrip/Content/Weapon_Packs/MilitaryWeapSilver/Sound/Pistol/Wavs/PistolA_Fire01.uasset" 432
"C:/Users/B00645723/Documents/GitHub/DethGrip-Parkour-Game/Deth_Grip_2.0_Parkour/DethGrip/Content/Weapon_Packs/MilitaryWeapSilver/Sound/Pistol/Wavs/PistolA_Fire01.uexp" 433
"C:/Users/B00645723/Documents/GitHub/DethGrip-Parkour-Game/Deth_Grip_2.0_Parkour/DethGrip/Content/Weapon_Packs/MilitaryWeapSilver/Sound/Pistol/Cues/PistolA_Fire_Cue.uasset" 434
"C:/Users/B00645723/Documents/GitHub/DethGrip-Parkour-Game/Deth_Grip_2.0_Parkour/DethGrip/Content/Weapon_Packs/MilitaryWeapSilver/Sound/Pistol/Cues/PistolA_Fire_Cue.uexp" 435
"C:/Users/B00645723/Documents/GitHub/DethGrip-Parkour-Game/Deth_Grip_2.0_Parkour/DethGrip/Content/Weapon_Packs/MilitaryWeapSilver/Weapons/Animations/Fire_Pistol_W.uasset" 436
"C:/Users/B00645723/Documents/GitHub/DethGrip-Parkour-Game/Deth_Grip_2.0_Parkour/DethGrip/Content/Weapon_Packs/MilitaryWeapSilver/Weapons/Animations/Fire_Pistol_W.uexp" 437
"C:/Users/B00645723/Documents/GitHub/DethGrip-Parkour-Game/Deth_Grip_2.0_Parkour/DethGrip/Content/FirstPerson_Main/Props/Weapons/BP_Pistol.uasset" 438
"C:/Users/B00645723/Documents/GitHub/DethGrip-Parkour-Game/Deth_Grip_2.0_Parkour/DethGrip/Content/FirstPerson_Main/Props/Weapons/BP_Pistol.uexp" 439
"C:/Users/B00645723/Documents/GitHub/DethGrip-Parkour-Game/Deth_Grip_2.0_Parkour/DethGrip/Content/Weapon_Packs/MilitaryWeapDark/Weapons/Materials/M_AssaultRifle_01.uasset" 440
"C:/Users/B00645723/Documents/GitHub/DethGrip-Parkour-Game/Deth_Grip_2.0_Parkour/DethGrip/Content/Weapon_Packs/MilitaryWeapDark/Weapons/Materials/M_AssaultRifle_01.uexp" 441
"C:/Users/B00645723/Documents/GitHub/DethGrip-Parkour-Game/Deth_Grip_2.0_Parkour/DethGrip/Content/Weapon_Packs/MilitaryWeapDark/Weapons/Assault_Rifle_B_StaticMesh.ubulk" 442
"C:/Users/B00645723/Documents/GitHub/DethGrip-Parkour-Game/Deth_Grip_2.0_Parkour/DethGrip/Content/Weapon_Packs/MilitaryWeapDark/Weapons/Assault_Rifle_B_StaticMesh.uasset" 443
"C:/Users/B00645723/Documents/GitHub/DethGrip-Parkour-Game/Deth_Grip_2.0_Parkour/DethGrip/Content/Weapon_Packs/MilitaryWeapDark/Weapons/Assault_Rifle_B_StaticMesh.uexp" 444
"C:/Users/B00645723/Documents/GitHub/DethGrip-Parkour-Game/Deth_Grip_2.0_Parkour/DethGrip/Content/FirstPerson_Main/Props/Pickups/BP_Rifle_Pickup.uasset" 445
"C:/Users/B00645723/Documents/GitHub/DethGrip-Parkour-Game/Deth_Grip_2.0_Parkour/DethGrip/Content/FirstPerson_Main/Props/Pickups/BP_Rifle_Pickup.uexp" 446
"C:/Users/B00645723/Documents/GitHub/DethGrip-Parkour-Game/Deth_Grip_2.0_Parkour/DethGrip/Content/Weapon_Packs/MilitaryWeapDark/Weapons/Assault_Rifle_B_Skeleton.uasset" 447
"C:/Users/B00645723/Documents/GitHub/DethGrip-Parkour-Game/Deth_Grip_2.0_Parkour/DethGrip/Content/Weapon_Packs/MilitaryWeapDark/Weapons/Assault_Rifle_B_Skeleton.uexp" 448
"C:/Users/B00645723/Documents/GitHub/DethGrip-Parkour-Game/Deth_Grip_2.0_Parkour/DethGrip/Content/Weapon_Packs/MilitaryWeapDark/Weapons/Assault_Rifle_B_PhysicsAsset.uasset" 449
"C:/Users/B00645723/Documents/GitHub/DethGrip-Parkour-Game/Deth_Grip_2.0_Parkour/DethGrip/Content/Weapon_Packs/MilitaryWeapDark/Weapons/Assault_Rifle_B_PhysicsAsset.uexp" 450
"C:/Users/B00645723/Documents/GitHub/DethGrip-Parkour-Game/Deth_Grip_2.0_Parkour/DethGrip/Content/Weapon_Packs/MilitaryWeapDark/Weapons/Assault_Rifle_B.uasset" 451
"C:/Users/B00645723/Documents/GitHub/DethGrip-Parkour-Game/Deth_Grip_2.0_Parkour/DethGrip/Content/Weapon_Packs/MilitaryWeapDark/Weapons/Assault_Rifle_B.uexp" 452
"C:/Users/B00645723/Documents/GitHub/DethGrip-Parkour-Game/Deth_Grip_2.0_Parkour/DethGrip/Content/Weapon_Packs/MilitaryWeapSilver/FX/Textures/T_AssaultRifle_MuzzleFlashes_01.ubulk" 453
"C:/Users/B00645723/Documents/GitHub/DethGrip-Parkour-Game/Deth_Grip_2.0_Parkour/DethGrip/Content/Weapon_Packs/MilitaryWeapSilver/FX/Textures/T_AssaultRifle_MuzzleFlashes_01.uasset" 454
"C:/Users/B00645723/Documents/GitHub/DethGrip-Parkour-Game/Deth_Grip_2.0_Parkour/DethGrip/Content/Weapon_Packs/MilitaryWeapSilver/FX/Textures/T_AssaultRifle_MuzzleFlashes_01.uexp" 455
"C:/Users/B00645723/Documents/GitHub/DethGrip-Parkour-Game/Deth_Grip_2.0_Parkour/DethGrip/Content/Weapon_Packs/MilitaryWeapSilver/FX/Materials/M_AssaultRifle_MuzzleFlash_4x1.uasset" 456
"C:/Users/B00645723/Documents/GitHub/DethGrip-Parkour-Game/Deth_Grip_2.0_Parkour/DethGrip/Content/Weapon_Packs/MilitaryWeapSilver/FX/Materials/M_AssaultRifle_MuzzleFlash_4x1.uexp" 457
"C:/Users/B00645723/Documents/GitHub/DethGrip-Parkour-Game/Deth_Grip_2.0_Parkour/DethGrip/Content/Weapon_Packs/MilitaryWeapSilver/FX/P_AssaultRifle_MuzzleFlash.uasset" 458
"C:/Users/B00645723/Documents/GitHub/DethGrip-Parkour-Game/Deth_Grip_2.0_Parkour/DethGrip/Content/Weapon_Packs/MilitaryWeapSilver/FX/P_AssaultRifle_MuzzleFlash.uexp" 459
"C:/Users/B00645723/Documents/GitHub/DethGrip-Parkour-Game/Deth_Grip_2.0_Parkour/DethGrip/Content/Weapon_Packs/MilitaryWeapSilver/Weapons/Assault_Rifle_A_Skeleton.uasset" 460
"C:/Users/B00645723/Documents/GitHub/DethGrip-Parkour-Game/Deth_Grip_2.0_Parkour/DethGrip/Content/Weapon_Packs/MilitaryWeapSilver/Weapons/Assault_Rifle_A_Skeleton.uexp" 461
"C:/Users/B00645723/Documents/GitHub/DethGrip-Parkour-Game/Deth_Grip_2.0_Parkour/DethGrip/Content/Weapon_Packs/MilitaryWeapSilver/Sound/Rifle/Wavs/RifleA_Fire_ST04.ubulk" 462
"C:/Users/B00645723/Documents/GitHub/DethGrip-Parkour-Game/Deth_Grip_2.0_Parkour/DethGrip/Content/Weapon_Packs/MilitaryWeapSilver/Sound/Rifle/Wavs/RifleA_Fire_ST04.uasset" 463
"C:/Users/B00645723/Documents/GitHub/DethGrip-Parkour-Game/Deth_Grip_2.0_Parkour/DethGrip/Content/Weapon_Packs/MilitaryWeapSilver/Sound/Rifle/Wavs/RifleA_Fire_ST04.uexp" 464
"C:/Users/B00645723/Documents/GitHub/DethGrip-Parkour-Game/Deth_Grip_2.0_Parkour/DethGrip/Content/Weapon_Packs/MilitaryWeapSilver/Sound/Rifle/Wavs/RifleA_Fire03.ubulk" 465
"C:/Users/B00645723/Documents/GitHub/DethGrip-Parkour-Game/Deth_Grip_2.0_Parkour/DethGrip/Content/Weapon_Packs/MilitaryWeapSilver/Sound/Rifle/Wavs/RifleA_Fire03.uasset" 466
"C:/Users/B00645723/Documents/GitHub/DethGrip-Parkour-Game/Deth_Grip_2.0_Parkour/DethGrip/Content/Weapon_Packs/MilitaryWeapSilver/Sound/Rifle/Wavs/RifleA_Fire03.uexp" 467
"C:/Users/B00645723/Documents/GitHub/DethGrip-Parkour-Game/Deth_Grip_2.0_Parkour/DethGrip/Content/Weapon_Packs/MilitaryWeapSilver/Sound/Rifle/Wavs/RifleA_Fire01.ubulk" 468
"C:/Users/B00645723/Documents/GitHub/DethGrip-Parkour-Game/Deth_Grip_2.0_Parkour/DethGrip/Content/Weapon_Packs/MilitaryWeapSilver/Sound/Rifle/Wavs/RifleA_Fire01.uasset" 469
"C:/Users/B00645723/Documents/GitHub/DethGrip-Parkour-Game/Deth_Grip_2.0_Parkour/DethGrip/Content/Weapon_Packs/MilitaryWeapSilver/Sound/Rifle/Wavs/RifleA_Fire01.uexp" 470
"C:/Users/B00645723/Documents/GitHub/DethGrip-Parkour-Game/Deth_Grip_2.0_Parkour/DethGrip/Content/Weapon_Packs/MilitaryWeapSilver/Sound/Rifle/Wavs/RifleA_Fire_ST06.ubulk" 471
"C:/Users/B00645723/Documents/GitHub/DethGrip-Parkour-Game/Deth_Grip_2.0_Parkour/DethGrip/Content/Weapon_Packs/MilitaryWeapSilver/Sound/Rifle/Wavs/RifleA_Fire_ST06.uasset" 472
"C:/Users/B00645723/Documents/GitHub/DethGrip-Parkour-Game/Deth_Grip_2.0_Parkour/DethGrip/Content/Weapon_Packs/MilitaryWeapSilver/Sound/Rifle/Wavs/RifleA_Fire_ST06.uexp" 473
"C:/Users/B00645723/Documents/GitHub/DethGrip-Parkour-Game/Deth_Grip_2.0_Parkour/DethGrip/Content/Weapon_Packs/MilitaryWeapSilver/Sound/Rifle/Wavs/RifleA_Fire04.ubulk" 474
"C:/Users/B00645723/Documents/GitHub/DethGrip-Parkour-Game/Deth_Grip_2.0_Parkour/DethGrip/Content/Weapon_Packs/MilitaryWeapSilver/Sound/Rifle/Wavs/RifleA_Fire04.uasset" 475
"C:/Users/B00645723/Documents/GitHub/DethGrip-Parkour-Game/Deth_Grip_2.0_Parkour/DethGrip/Content/Weapon_Packs/MilitaryWeapSilver/Sound/Rifle/Wavs/RifleA_Fire04.uexp" 476
"C:/Users/B00645723/Documents/GitHub/DethGrip-Parkour-Game/Deth_Grip_2.0_Parkour/DethGrip/Content/Weapon_Packs/MilitaryWeapSilver/Sound/Rifle/Wavs/RifleA_Fire_ST05.ubulk" 477
"C:/Users/B00645723/Documents/GitHub/DethGrip-Parkour-Game/Deth_Grip_2.0_Parkour/DethGrip/Content/Weapon_Packs/MilitaryWeapSilver/Sound/Rifle/Wavs/RifleA_Fire_ST05.uasset" 478
"C:/Users/B00645723/Documents/GitHub/DethGrip-Parkour-Game/Deth_Grip_2.0_Parkour/DethGrip/Content/Weapon_Packs/MilitaryWeapSilver/Sound/Rifle/Wavs/RifleA_Fire_ST05.uexp" 479
"C:/Users/B00645723/Documents/GitHub/DethGrip-Parkour-Game/Deth_Grip_2.0_Parkour/DethGrip/Content/Weapon_Packs/MilitaryWeapSilver/Sound/Rifle/Wavs/RifleA_Fire_ST01.ubulk" 480
"C:/Users/B00645723/Documents/GitHub/DethGrip-Parkour-Game/Deth_Grip_2.0_Parkour/DethGrip/Content/Weapon_Packs/MilitaryWeapSilver/Sound/Rifle/Wavs/RifleA_Fire_ST01.uasset" 481
"C:/Users/B00645723/Documents/GitHub/DethGrip-Parkour-Game/Deth_Grip_2.0_Parkour/DethGrip/Content/Weapon_Packs/MilitaryWeapSilver/Sound/Rifle/Wavs/RifleA_Fire_ST01.uexp" 482
"C:/Users/B00645723/Documents/GitHub/DethGrip-Parkour-Game/Deth_Grip_2.0_Parkour/DethGrip/Content/Weapon_Packs/MilitaryWeapSilver/Sound/Rifle/Wavs/RifleA_Fire06.ubulk" 483
"C:/Users/B00645723/Documents/GitHub/DethGrip-Parkour-Game/Deth_Grip_2.0_Parkour/DethGrip/Content/Weapon_Packs/MilitaryWeapSilver/Sound/Rifle/Wavs/RifleA_Fire06.uasset" 484
"C:/Users/B00645723/Documents/GitHub/DethGrip-Parkour-Game/Deth_Grip_2.0_Parkour/DethGrip/Content/Weapon_Packs/MilitaryWeapSilver/Sound/Rifle/Wavs/RifleA_Fire06.uexp" 485
"C:/Users/B00645723/Documents/GitHub/DethGrip-Parkour-Game/Deth_Grip_2.0_Parkour/DethGrip/Content/Weapon_Packs/MilitaryWeapSilver/Sound/Rifle/Wavs/RifleA_Fire_ST03.ubulk" 486
"C:/Users/B00645723/Documents/GitHub/DethGrip-Parkour-Game/Deth_Grip_2.0_Parkour/DethGrip/Content/Weapon_Packs/MilitaryWeapSilver/Sound/Rifle/Wavs/RifleA_Fire_ST03.uasset" 487
"C:/Users/B00645723/Documents/GitHub/DethGrip-Parkour-Game/Deth_Grip_2.0_Parkour/DethGrip/Content/Weapon_Packs/MilitaryWeapSilver/Sound/Rifle/Wavs/RifleA_Fire_ST03.uexp" 488
"C:/Users/B00645723/Documents/GitHub/DethGrip-Parkour-Game/Deth_Grip_2.0_Parkour/DethGrip/Content/Weapon_Packs/MilitaryWeapSilver/Sound/Rifle/Wavs/RifleA_Fire05.ubulk" 489
"C:/Users/B00645723/Documents/GitHub/DethGrip-Parkour-Game/Deth_Grip_2.0_Parkour/DethGrip/Content/Weapon_Packs/MilitaryWeapSilver/Sound/Rifle/Wavs/RifleA_Fire05.uasset" 490
"C:/Users/B00645723/Documents/GitHub/DethGrip-Parkour-Game/Deth_Grip_2.0_Parkour/DethGrip/Content/Weapon_Packs/MilitaryWeapSilver/Sound/Rifle/Wavs/RifleA_Fire05.uexp" 491
"C:/Users/B00645723/Documents/GitHub/DethGrip-Parkour-Game/Deth_Grip_2.0_Parkour/DethGrip/Content/Weapon_Packs/MilitaryWeapSilver/Sound/Rifle/Wavs/RifleA_Fire_ST02.ubulk" 492
"C:/Users/B00645723/Documents/GitHub/DethGrip-Parkour-Game/Deth_Grip_2.0_Parkour/DethGrip/Content/Weapon_Packs/MilitaryWeapSilver/Sound/Rifle/Wavs/RifleA_Fire_ST02.uasset" 493
"C:/Users/B00645723/Documents/GitHub/DethGrip-Parkour-Game/Deth_Grip_2.0_Parkour/DethGrip/Content/Weapon_Packs/MilitaryWeapSilver/Sound/Rifle/Wavs/RifleA_Fire_ST02.uexp" 494
"C:/Users/B00645723/Documents/GitHub/DethGrip-Parkour-Game/Deth_Grip_2.0_Parkour/DethGrip/Content/Weapon_Packs/MilitaryWeapSilver/Sound/Rifle/Wavs/RifleA_Fire02.ubulk" 495
"C:/Users/B00645723/Documents/GitHub/DethGrip-Parkour-Game/Deth_Grip_2.0_Parkour/DethGrip/Content/Weapon_Packs/MilitaryWeapSilver/Sound/Rifle/Wavs/RifleA_Fire02.uasset" 496
"C:/Users/B00645723/Documents/GitHub/DethGrip-Parkour-Game/Deth_Grip_2.0_Parkour/DethGrip/Content/Weapon_Packs/MilitaryWeapSilver/Sound/Rifle/Wavs/RifleA_Fire02.uexp" 497
"C:/Users/B00645723/Documents/GitHub/DethGrip-Parkour-Game/Deth_Grip_2.0_Parkour/DethGrip/Content/Weapon_Packs/MilitaryWeapSilver/Sound/Rifle/Cues/RifleA_Fire_Cue.uasset" 498
"C:/Users/B00645723/Documents/GitHub/DethGrip-Parkour-Game/Deth_Grip_2.0_Parkour/DethGrip/Content/Weapon_Packs/MilitaryWeapSilver/Sound/Rifle/Cues/RifleA_Fire_Cue.uexp" 499
"C:/Users/B00645723/Documents/GitHub/DethGrip-Parkour-Game/Deth_Grip_2.0_Parkour/DethGrip/Content/Weapon_Packs/MilitaryWeapSilver/Weapons/Animations/Fire_Rifle_W.uasset" 500
"C:/Users/B00645723/Documents/GitHub/DethGrip-Parkour-Game/Deth_Grip_2.0_Parkour/DethGrip/Content/Weapon_Packs/MilitaryWeapSilver/Weapons/Animations/Fire_Rifle_W.uexp" 501
"C:/Users/B00645723/Documents/GitHub/DethGrip-Parkour-Game/Deth_Grip_2.0_Parkour/DethGrip/Content/FirstPerson_Main/Props/Weapons/BP_Rifle.uasset" 502
"C:/Users/B00645723/Documents/GitHub/DethGrip-Parkour-Game/Deth_Grip_2.0_Parkour/DethGrip/Content/FirstPerson_Main/Props/Weapons/BP_Rifle.uexp" 503
"C:/Users/B00645723/Documents/GitHub/DethGrip-Parkour-Game/Deth_Grip_2.0_Parkour/DethGrip/Content/FirstPerson_Main/Blueprints/Damage_System/BPC_DamageSystem.uasset" 504
"C:/Users/B00645723/Documents/GitHub/DethGrip-Parkour-Game/Deth_Grip_2.0_Parkour/DethGrip/Content/FirstPerson_Main/Blueprints/Damage_System/BPC_DamageSystem.uexp" 505
"C:/Users/B00645723/Documents/GitHub/DethGrip-Parkour-Game/Deth_Grip_2.0_Parkour/DethGrip/Content/Template_Characters/First_Person/Character/Mesh/SK_Mannequin_Arms_PhysicsAsset.uasset" 506
"C:/Users/B00645723/Documents/GitHub/DethGrip-Parkour-Game/Deth_Grip_2.0_Parkour/DethGrip/Content/Template_Characters/First_Person/Character/Mesh/SK_Mannequin_Arms_PhysicsAsset.uexp" 507
"C:/Users/B00645723/Documents/GitHub/DethGrip-Parkour-Game/Deth_Grip_2.0_Parkour/DethGrip/Content/Template_Characters/First_Person/Character/Textures/Manny/T_Manny_02_ASAOPMASK_MSK.ubulk" 508
"C:/Users/B00645723/Documents/GitHub/DethGrip-Parkour-Game/Deth_Grip_2.0_Parkour/DethGrip/Content/Template_Characters/First_Person/Character/Textures/Manny/T_Manny_02_ASAOPMASK_MSK.uasset" 509
"C:/Users/B00645723/Documents/GitHub/DethGrip-Parkour-Game/Deth_Grip_2.0_Parkour/DethGrip/Content/Template_Characters/First_Person/Character/Textures/Manny/T_Manny_02_ASAOPMASK_MSK.uexp" 510
"C:/Users/B00645723/Documents/GitHub/DethGrip-Parkour-Game/Deth_Grip_2.0_Parkour/DethGrip/Content/Template_Characters/First_Person/Character/Textures/Manny/T_Manny_02_D.ubulk" 511
"C:/Users/B00645723/Documents/GitHub/DethGrip-Parkour-Game/Deth_Grip_2.0_Parkour/DethGrip/Content/Template_Characters/First_Person/Character/Textures/Manny/T_Manny_02_D.uasset" 512
"C:/Users/B00645723/Documents/GitHub/DethGrip-Parkour-Game/Deth_Grip_2.0_Parkour/DethGrip/Content/Template_Characters/First_Person/Character/Textures/Manny/T_Manny_02_D.uexp" 513
"C:/Users/B00645723/Documents/GitHub/DethGrip-Parkour-Game/Deth_Grip_2.0_Parkour/DethGrip/Content/Template_Characters/First_Person/Character/Textures/Manny/T_Manny_02_BN.ubulk" 514
"C:/Users/B00645723/Documents/GitHub/DethGrip-Parkour-Game/Deth_Grip_2.0_Parkour/DethGrip/Content/Template_Characters/First_Person/Character/Textures/Manny/T_Manny_02_BN.uasset" 515
"C:/Users/B00645723/Documents/GitHub/DethGrip-Parkour-Game/Deth_Grip_2.0_Parkour/DethGrip/Content/Template_Characters/First_Person/Character/Textures/Manny/T_Manny_02_BN.uexp" 516
"C:/Users/B00645723/Documents/GitHub/DethGrip-Parkour-Game/Deth_Grip_2.0_Parkour/DethGrip/Content/Template_Characters/First_Person/Character/Textures/Manny/T_Manny_02_CCRCCPlastic_MSK.ubulk" 517
"C:/Users/B00645723/Documents/GitHub/DethGrip-Parkour-Game/Deth_Grip_2.0_Parkour/DethGrip/Content/Template_Characters/First_Person/Character/Textures/Manny/T_Manny_02_CCRCCPlastic_MSK.uasset" 518
"C:/Users/B00645723/Documents/GitHub/DethGrip-Parkour-Game/Deth_Grip_2.0_Parkour/DethGrip/Content/Template_Characters/First_Person/Character/Textures/Manny/T_Manny_02_CCRCCPlastic_MSK.uexp" 519
"C:/Users/B00645723/Documents/GitHub/DethGrip-Parkour-Game/Deth_Grip_2.0_Parkour/DethGrip/Content/Template_Characters/First_Person/Character/Textures/Manny/T_Manny_02_N.ubulk" 520
"C:/Users/B00645723/Documents/GitHub/DethGrip-Parkour-Game/Deth_Grip_2.0_Parkour/DethGrip/Content/Template_Characters/First_Person/Character/Textures/Manny/T_Manny_02_N.uasset" 521
"C:/Users/B00645723/Documents/GitHub/DethGrip-Parkour-Game/Deth_Grip_2.0_Parkour/DethGrip/Content/Template_Characters/First_Person/Character/Textures/Manny/T_Manny_02_N.uexp" 522
"C:/Users/B00645723/Documents/GitHub/DethGrip-Parkour-Game/Deth_Grip_2.0_Parkour/DethGrip/Content/Template_Characters/First_Person/Character/Textures/Manny/T_Manny_02_Tan.ubulk" 523
"C:/Users/B00645723/Documents/GitHub/DethGrip-Parkour-Game/Deth_Grip_2.0_Parkour/DethGrip/Content/Template_Characters/First_Person/Character/Textures/Manny/T_Manny_02_Tan.uasset" 524
"C:/Users/B00645723/Documents/GitHub/DethGrip-Parkour-Game/Deth_Grip_2.0_Parkour/DethGrip/Content/Template_Characters/First_Person/Character/Textures/Manny/T_Manny_02_Tan.uexp" 525
"C:/Users/B00645723/Documents/GitHub/DethGrip-Parkour-Game/Deth_Grip_2.0_Parkour/DethGrip/Content/Template_Characters/First_Person/Character/Textures/Manny/T_Manny_01_CCRCCPlastic_MSK.ubulk" 526
"C:/Users/B00645723/Documents/GitHub/DethGrip-Parkour-Game/Deth_Grip_2.0_Parkour/DethGrip/Content/Template_Characters/First_Person/Character/Textures/Manny/T_Manny_01_CCRCCPlastic_MSK.uasset" 527
"C:/Users/B00645723/Documents/GitHub/DethGrip-Parkour-Game/Deth_Grip_2.0_Parkour/DethGrip/Content/Template_Characters/First_Person/Character/Textures/Manny/T_Manny_01_CCRCCPlastic_MSK.uexp" 528
"C:/Users/B00645723/Documents/GitHub/DethGrip-Parkour-Game/Deth_Grip_2.0_Parkour/DethGrip/Content/Template_Characters/First_Person/Character/Textures/Manny/T_Manny_01_Tan.ubulk" 529
"C:/Users/B00645723/Documents/GitHub/DethGrip-Parkour-Game/Deth_Grip_2.0_Parkour/DethGrip/Content/Template_Characters/First_Person/Character/Textures/Manny/T_Manny_01_Tan.uasset" 530
"C:/Users/B00645723/Documents/GitHub/DethGrip-Parkour-Game/Deth_Grip_2.0_Parkour/DethGrip/Content/Template_Characters/First_Person/Character/Textures/Manny/T_Manny_01_Tan.uexp" 531
"C:/Users/B00645723/Documents/GitHub/DethGrip-Parkour-Game/Deth_Grip_2.0_Parkour/DethGrip/Content/Template_Characters/First_Person/Character/Textures/Manny/T_Manny_01_D.ubulk" 532
"C:/Users/B00645723/Documents/GitHub/DethGrip-Parkour-Game/Deth_Grip_2.0_Parkour/DethGrip/Content/Template_Characters/First_Person/Character/Textures/Manny/T_Manny_01_D.uasset" 533
"C:/Users/B00645723/Documents/GitHub/DethGrip-Parkour-Game/Deth_Grip_2.0_Parkour/DethGrip/Content/Template_Characters/First_Person/Character/Textures/Manny/T_Manny_01_D.uexp" 534
"C:/Users/B00645723/Documents/GitHub/DethGrip-Parkour-Game/Deth_Grip_2.0_Parkour/DethGrip/Content/Template_Characters/First_Person/Character/Textures/Manny/T_Manny_01_ASAOPMASK_MSK.ubulk" 535
"C:/Users/B00645723/Documents/GitHub/DethGrip-Parkour-Game/Deth_Grip_2.0_Parkour/DethGrip/Content/Template_Characters/First_Person/Character/Textures/Manny/T_Manny_01_ASAOPMASK_MSK.uasset" 536
"C:/Users/B00645723/Documents/GitHub/DethGrip-Parkour-Game/Deth_Grip_2.0_Parkour/DethGrip/Content/Template_Characters/First_Person/Character/Textures/Manny/T_Manny_01_ASAOPMASK_MSK.uexp" 537
"C:/Users/B00645723/Documents/GitHub/DethGrip-Parkour-Game/Deth_Grip_2.0_Parkour/DethGrip/Content/Template_Characters/First_Person/Character/Materials/Functions/ChromaticCurve.uasset" 538
"C:/Users/B00645723/Documents/GitHub/DethGrip-Parkour-Game/Deth_Grip_2.0_Parkour/DethGrip/Content/Template_Characters/First_Person/Character/Materials/Functions/ChromaticCurve.uexp" 539
"C:/Users/B00645723/Documents/GitHub/DethGrip-Parkour-Game/Deth_Grip_2.0_Parkour/DethGrip/Content/Template_Characters/First_Person/Character/Materials/Functions/CA_Mannequin.uasset" 540
"C:/Users/B00645723/Documents/GitHub/DethGrip-Parkour-Game/Deth_Grip_2.0_Parkour/DethGrip/Content/Template_Characters/First_Person/Character/Materials/Functions/CA_Mannequin.uexp" 541
"C:/Users/B00645723/Documents/GitHub/DethGrip-Parkour-Game/Deth_Grip_2.0_Parkour/DethGrip/Content/Template_Characters/First_Person/Character/Materials/Functions/MF_Diffraction.uasset" 542
"C:/Users/B00645723/Documents/GitHub/DethGrip-Parkour-Game/Deth_Grip_2.0_Parkour/DethGrip/Content/Template_Characters/First_Person/Character/Materials/Functions/MF_Diffraction.uexp" 543
"C:/Users/B00645723/Documents/GitHub/DethGrip-Parkour-Game/Deth_Grip_2.0_Parkour/DethGrip/Content/Template_Characters/First_Person/Character/Textures/Manny/T_Manny_01_BN.ubulk" 544
"C:/Users/B00645723/Documents/GitHub/DethGrip-Parkour-Game/Deth_Grip_2.0_Parkour/DethGrip/Content/Template_Characters/First_Person/Character/Textures/Manny/T_Manny_01_BN.uasset" 545
"C:/Users/B00645723/Documents/GitHub/DethGrip-Parkour-Game/Deth_Grip_2.0_Parkour/DethGrip/Content/Template_Characters/First_Person/Character/Textures/Manny/T_Manny_01_BN.uexp" 546
"../../../Engine/Content/Functions/Engine_MaterialFunctions02/Utility/BreakOutFloat2Components.uasset" 547
"../../../Engine/Content/Functions/Engine_MaterialFunctions02/Utility/BreakOutFloat2Components.uexp" 548
"../../../Engine/Content/Functions/Engine_MaterialFunctions01/Texturing/ScaleUVsByCenter.uasset" 549
"../../../Engine/Content/Functions/Engine_MaterialFunctions01/Texturing/ScaleUVsByCenter.uexp" 550
"C:/Users/B00645723/Documents/GitHub/DethGrip-Parkour-Game/Deth_Grip_2.0_Parkour/DethGrip/Content/Template_Characters/First_Person/Character/Textures/Shared/T_UE_Logo_M.uasset" 551
"C:/Users/B00645723/Documents/GitHub/DethGrip-Parkour-Game/Deth_Grip_2.0_Parkour/DethGrip/Content/Template_Characters/First_Person/Character/Textures/Shared/T_UE_Logo_M.uexp" 552
"C:/Users/B00645723/Documents/GitHub/DethGrip-Parkour-Game/Deth_Grip_2.0_Parkour/DethGrip/Content/Template_Characters/First_Person/Character/Materials/Functions/MF_logo3layers.uasset" 553
"C:/Users/B00645723/Documents/GitHub/DethGrip-Parkour-Game/Deth_Grip_2.0_Parkour/DethGrip/Content/Template_Characters/First_Person/Character/Materials/Functions/MF_logo3layers.uexp" 554
"C:/Users/B00645723/Documents/GitHub/DethGrip-Parkour-Game/Deth_Grip_2.0_Parkour/DethGrip/Content/Template_Characters/First_Person/Character/Materials/Functions/ML_BaseColorFallOff.uasset" 555
"C:/Users/B00645723/Documents/GitHub/DethGrip-Parkour-Game/Deth_Grip_2.0_Parkour/DethGrip/Content/Template_Characters/First_Person/Character/Materials/Functions/ML_BaseColorFallOff.uexp" 556
"C:/Users/B00645723/Documents/GitHub/DethGrip-Parkour-Game/Deth_Grip_2.0_Parkour/DethGrip/Content/Template_Characters/First_Person/Character/Textures/Manny/T_Manny_01_N.ubulk" 557
"C:/Users/B00645723/Documents/GitHub/DethGrip-Parkour-Game/Deth_Grip_2.0_Parkour/DethGrip/Content/Template_Characters/First_Person/Character/Textures/Manny/T_Manny_01_N.uasset" 558
"C:/Users/B00645723/Documents/GitHub/DethGrip-Parkour-Game/Deth_Grip_2.0_Parkour/DethGrip/Content/Template_Characters/First_Person/Character/Textures/Manny/T_Manny_01_N.uexp" 559
"C:/Users/B00645723/Documents/GitHub/DethGrip-Parkour-Game/Deth_Grip_2.0_Parkour/DethGrip/Content/Template_Characters/First_Person/Character/Textures/Manny/T_Manny_01_MSR_MSK.ubulk" 560
"C:/Users/B00645723/Documents/GitHub/DethGrip-Parkour-Game/Deth_Grip_2.0_Parkour/DethGrip/Content/Template_Characters/First_Person/Character/Textures/Manny/T_Manny_01_MSR_MSK.uasset" 561
"C:/Users/B00645723/Documents/GitHub/DethGrip-Parkour-Game/Deth_Grip_2.0_Parkour/DethGrip/Content/Template_Characters/First_Person/Character/Textures/Manny/T_Manny_01_MSR_MSK.uexp" 562
"C:/Users/B00645723/Documents/GitHub/DethGrip-Parkour-Game/Deth_Grip_2.0_Parkour/DethGrip/Content/Template_Characters/First_Person/Character/Materials/M_Mannequin.uasset" 563
"C:/Users/B00645723/Documents/GitHub/DethGrip-Parkour-Game/Deth_Grip_2.0_Parkour/DethGrip/Content/Template_Characters/First_Person/Character/Materials/M_Mannequin.uexp" 564
"C:/Users/B00645723/Documents/GitHub/DethGrip-Parkour-Game/Deth_Grip_2.0_Parkour/DethGrip/Content/Template_Characters/First_Person/Character/Materials/Instances/Manny/MI_Manny_01.uasset" 565
"C:/Users/B00645723/Documents/GitHub/DethGrip-Parkour-Game/Deth_Grip_2.0_Parkour/DethGrip/Content/Template_Characters/First_Person/Character/Materials/Instances/Manny/MI_Manny_01.uexp" 566
"C:/Users/B00645723/Documents/GitHub/DethGrip-Parkour-Game/Deth_Grip_2.0_Parkour/DethGrip/Content/Template_Characters/First_Person/Character/Textures/Manny/T_Manny_02_MSR_MSK.ubulk" 567
"C:/Users/B00645723/Documents/GitHub/DethGrip-Parkour-Game/Deth_Grip_2.0_Parkour/DethGrip/Content/Template_Characters/First_Person/Character/Textures/Manny/T_Manny_02_MSR_MSK.uasset" 568
"C:/Users/B00645723/Documents/GitHub/DethGrip-Parkour-Game/Deth_Grip_2.0_Parkour/DethGrip/Content/Template_Characters/First_Person/Character/Textures/Manny/T_Manny_02_MSR_MSK.uexp" 569
"C:/Users/B00645723/Documents/GitHub/DethGrip-Parkour-Game/Deth_Grip_2.0_Parkour/DethGrip/Content/Template_Characters/First_Person/Character/Materials/Instances/Manny/MI_Manny_02.uasset" 570
"C:/Users/B00645723/Documents/GitHub/DethGrip-Parkour-Game/Deth_Grip_2.0_Parkour/DethGrip/Content/Template_Characters/First_Person/Character/Materials/Instances/Manny/MI_Manny_02.uexp" 571
"C:/Users/B00645723/Documents/GitHub/DethGrip-Parkour-Game/Deth_Grip_2.0_Parkour/DethGrip/Content/Template_Characters/First_Person/Character/Mesh/SK_Mannequin_Arms.uasset" 572
"C:/Users/B00645723/Documents/GitHub/DethGrip-Parkour-Game/Deth_Grip_2.0_Parkour/DethGrip/Content/Template_Characters/First_Person/Character/Mesh/SK_Mannequin_Arms.uexp" 573
"C:/Users/B00645723/Documents/GitHub/DethGrip-Parkour-Game/Deth_Grip_2.0_Parkour/DethGrip/Content/FirstPerson_Main/Input/Actions/IA_Dash.uasset" 574
"C:/Users/B00645723/Documents/GitHub/DethGrip-Parkour-Game/Deth_Grip_2.0_Parkour/DethGrip/Content/FirstPerson_Main/Input/Actions/IA_Dash.uexp" 575
"C:/Users/B00645723/Documents/GitHub/DethGrip-Parkour-Game/Deth_Grip_2.0_Parkour/DethGrip/Content/FX_Effects/FXVarietyPack/Textures/T_ky_bg.uasset" 576
"C:/Users/B00645723/Documents/GitHub/DethGrip-Parkour-Game/Deth_Grip_2.0_Parkour/DethGrip/Content/FX_Effects/FXVarietyPack/Textures/T_ky_bg.uexp" 577
"C:/Users/B00645723/Documents/GitHub/DethGrip-Parkour-Game/Deth_Grip_2.0_Parkour/DethGrip/Content/FX_Effects/FXVarietyPack/Materials/M_ky_subUV01.uasset" 578
"C:/Users/B00645723/Documents/GitHub/DethGrip-Parkour-Game/Deth_Grip_2.0_Parkour/DethGrip/Content/FX_Effects/FXVarietyPack/Materials/M_ky_subUV01.uexp" 579
"C:/Users/B00645723/Documents/GitHub/DethGrip-Parkour-Game/Deth_Grip_2.0_Parkour/DethGrip/Content/FX_Effects/FXVarietyPack/Textures/T_ky_aura011_4x4.ubulk" 580
"C:/Users/B00645723/Documents/GitHub/DethGrip-Parkour-Game/Deth_Grip_2.0_Parkour/DethGrip/Content/FX_Effects/FXVarietyPack/Textures/T_ky_aura011_4x4.uasset" 581
"C:/Users/B00645723/Documents/GitHub/DethGrip-Parkour-Game/Deth_Grip_2.0_Parkour/DethGrip/Content/FX_Effects/FXVarietyPack/Textures/T_ky_aura011_4x4.uexp" 582
"C:/Users/B00645723/Documents/GitHub/DethGrip-Parkour-Game/Deth_Grip_2.0_Parkour/DethGrip/Content/FX_Effects/FXVarietyPack/Materials/MI_ky_aura011_4x4_nonD.uasset" 583
"C:/Users/B00645723/Documents/GitHub/DethGrip-Parkour-Game/Deth_Grip_2.0_Parkour/DethGrip/Content/FX_Effects/FXVarietyPack/Materials/MI_ky_aura011_4x4_nonD.uexp" 584
"C:/Users/B00645723/Documents/GitHub/DethGrip-Parkour-Game/Deth_Grip_2.0_Parkour/DethGrip/Content/FX_Effects/FXVarietyPack/Materials/M_ky_empty.uasset" 585
"C:/Users/B00645723/Documents/GitHub/DethGrip-Parkour-Game/Deth_Grip_2.0_Parkour/DethGrip/Content/FX_Effects/FXVarietyPack/Materials/M_ky_empty.uexp" 586
"../../../Engine/Content/EngineMaterials/T_Default_Material_Grid_M.ubulk" 587
"../../../Engine/Content/EngineMaterials/T_Default_Material_Grid_M.uasset" 588
"../../../Engine/Content/EngineMaterials/T_Default_Material_Grid_M.uexp" 589
"../../../Engine/Content/EngineMaterials/T_Default_Material_Grid_N.ubulk" 590
"../../../Engine/Content/EngineMaterials/T_Default_Material_Grid_N.uasset" 591
"../../../Engine/Content/EngineMaterials/T_Default_Material_Grid_N.uexp" 592
"../../../Engine/Content/Functions/Engine_MaterialFunctions01/Opacity/CameraDepthFade.uasset" 593
"../../../Engine/Content/Functions/Engine_MaterialFunctions01/Opacity/CameraDepthFade.uexp" 594
"../../../Engine/Content/EngineMaterials/WorldGridMaterial.uasset" 595
"../../../Engine/Content/EngineMaterials/WorldGridMaterial.uexp" 596
"C:/Users/B00645723/Documents/GitHub/DethGrip-Parkour-Game/Deth_Grip_2.0_Parkour/DethGrip/Content/FX_Effects/FXVarietyPack/Meshes/SM_ky_auraWall_distB_kai.ubulk" 597
"C:/Users/B00645723/Documents/GitHub/DethGrip-Parkour-Game/Deth_Grip_2.0_Parkour/DethGrip/Content/FX_Effects/FXVarietyPack/Meshes/SM_ky_auraWall_distB_kai.uasset" 598
"C:/Users/B00645723/Documents/GitHub/DethGrip-Parkour-Game/Deth_Grip_2.0_Parkour/DethGrip/Content/FX_Effects/FXVarietyPack/Meshes/SM_ky_auraWall_distB_kai.uexp" 599
"C:/Users/B00645723/Documents/GitHub/DethGrip-Parkour-Game/Deth_Grip_2.0_Parkour/DethGrip/Content/FX_Effects/FXVarietyPack/Meshes/SM_ky_cylinder_lowPoly_dist.ubulk" 600
"C:/Users/B00645723/Documents/GitHub/DethGrip-Parkour-Game/Deth_Grip_2.0_Parkour/DethGrip/Content/FX_Effects/FXVarietyPack/Meshes/SM_ky_cylinder_lowPoly_dist.uasset" 601
"C:/Users/B00645723/Documents/GitHub/DethGrip-Parkour-Game/Deth_Grip_2.0_Parkour/DethGrip/Content/FX_Effects/FXVarietyPack/Meshes/SM_ky_cylinder_lowPoly_dist.uexp" 602
"../../../Engine/Content/EngineMaterials/BlendFunc_DefBlend.uasset" 603
"../../../Engine/Content/EngineMaterials/BlendFunc_DefBlend.uexp" 604
"../../../Engine/Content/Functions/Engine_MaterialFunctions01/Density/ExponentialDensity.uasset" 605
"../../../Engine/Content/Functions/Engine_MaterialFunctions01/Density/ExponentialDensity.uexp" 606
"../../../Engine/Content/EngineMaterials/BlendFunc_DefBase.uasset" 607
"../../../Engine/Content/EngineMaterials/BlendFunc_DefBase.uexp" 608
"../../../Engine/Content/Functions/Engine_MaterialFunctions03/Blends/Blend_Screen.uasset" 609
"../../../Engine/Content/Functions/Engine_MaterialFunctions03/Blends/Blend_Screen.uexp" 610
"../../../Engine/Content/Functions/Engine_MaterialFunctions01/Gradient/LinearGradient.uasset" 611
"../../../Engine/Content/Functions/Engine_MaterialFunctions01/Gradient/LinearGradient.uexp" 612
"../../../Engine/Content/Functions/Engine_MaterialFunctions01/Gradient/DiamondGradient.uasset" 613
"../../../Engine/Content/Functions/Engine_MaterialFunctions01/Gradient/DiamondGradient.uexp" 614
"C:/Users/B00645723/Documents/GitHub/DethGrip-Parkour-Game/Deth_Grip_2.0_Parkour/DethGrip/Content/FX_Effects/FXVarietyPack/Textures/T_ky_dust_longStar.ubulk" 615
"C:/Users/B00645723/Documents/GitHub/DethGrip-Parkour-Game/Deth_Grip_2.0_Parkour/DethGrip/Content/FX_Effects/FXVarietyPack/Textures/T_ky_dust_longStar.uasset" 616
"C:/Users/B00645723/Documents/GitHub/DethGrip-Parkour-Game/Deth_Grip_2.0_Parkour/DethGrip/Content/FX_Effects/FXVarietyPack/Textures/T_ky_dust_longStar.uexp" 617
"../../../Engine/Content/Functions/Engine_MaterialFunctions01/Gradient/RadialGradientExponential.uasset" 618
"../../../Engine/Content/Functions/Engine_MaterialFunctions01/Gradient/RadialGradientExponential.uexp" 619
"C:/Users/B00645723/Documents/GitHub/DethGrip-Parkour-Game/Deth_Grip_2.0_Parkour/DethGrip/Content/FX_Effects/FXVarietyPack/Materials/M_ky_starDust.uasset" 620
"C:/Users/B00645723/Documents/GitHub/DethGrip-Parkour-Game/Deth_Grip_2.0_Parkour/DethGrip/Content/FX_Effects/FXVarietyPack/Materials/M_ky_starDust.uexp" 621
"C:/Users/B00645723/Documents/GitHub/DethGrip-Parkour-Game/Deth_Grip_2.0_Parkour/DethGrip/Content/FX_Effects/FXVarietyPack/Materials/MI_ky_starDust_dis.uasset" 622
"C:/Users/B00645723/Documents/GitHub/DethGrip-Parkour-Game/Deth_Grip_2.0_Parkour/DethGrip/Content/FX_Effects/FXVarietyPack/Materials/MI_ky_starDust_dis.uexp" 623
"C:/Users/B00645723/Documents/GitHub/DethGrip-Parkour-Game/Deth_Grip_2.0_Parkour/DethGrip/Content/FX_Effects/FXVarietyPack/Meshes/SM_ky_cylinder_superLow.ubulk" 624
"C:/Users/B00645723/Documents/GitHub/DethGrip-Parkour-Game/Deth_Grip_2.0_Parkour/DethGrip/Content/FX_Effects/FXVarietyPack/Meshes/SM_ky_cylinder_superLow.uasset" 625
"C:/Users/B00645723/Documents/GitHub/DethGrip-Parkour-Game/Deth_Grip_2.0_Parkour/DethGrip/Content/FX_Effects/FXVarietyPack/Meshes/SM_ky_cylinder_superLow.uexp" 626
"C:/Users/B00645723/Documents/GitHub/DethGrip-Parkour-Game/Deth_Grip_2.0_Parkour/DethGrip/Content/FX_Effects/FXVarietyPack/Materials/M_ky_primitive_dyn2.uasset" 627
"C:/Users/B00645723/Documents/GitHub/DethGrip-Parkour-Game/Deth_Grip_2.0_Parkour/DethGrip/Content/FX_Effects/FXVarietyPack/Materials/M_ky_primitive_dyn2.uexp" 628
"C:/Users/B00645723/Documents/GitHub/DethGrip-Parkour-Game/Deth_Grip_2.0_Parkour/DethGrip/Content/FX_Effects/FXVarietyPack/Materials/MI_ky_primitive_dynB_nonD.uasset" 629
"C:/Users/B00645723/Documents/GitHub/DethGrip-Parkour-Game/Deth_Grip_2.0_Parkour/DethGrip/Content/FX_Effects/FXVarietyPack/Materials/MI_ky_primitive_dynB_nonD.uexp" 630
"C:/Users/B00645723/Documents/GitHub/DethGrip-Parkour-Game/Deth_Grip_2.0_Parkour/DethGrip/Content/FX_Effects/FXVarietyPack/Materials/MI_ky_aura011_4x4.uasset" 631
"C:/Users/B00645723/Documents/GitHub/DethGrip-Parkour-Game/Deth_Grip_2.0_Parkour/DethGrip/Content/FX_Effects/FXVarietyPack/Materials/MI_ky_aura011_4x4.uexp" 632
"C:/Users/B00645723/Documents/GitHub/DethGrip-Parkour-Game/Deth_Grip_2.0_Parkour/DethGrip/Content/FX_Effects/FXVarietyPack/Textures/T_ky_circle9_4x4.ubulk" 633
"C:/Users/B00645723/Documents/GitHub/DethGrip-Parkour-Game/Deth_Grip_2.0_Parkour/DethGrip/Content/FX_Effects/FXVarietyPack/Textures/T_ky_circle9_4x4.uasset" 634
"C:/Users/B00645723/Documents/GitHub/DethGrip-Parkour-Game/Deth_Grip_2.0_Parkour/DethGrip/Content/FX_Effects/FXVarietyPack/Textures/T_ky_circle9_4x4.uexp" 635
"C:/Users/B00645723/Documents/GitHub/DethGrip-Parkour-Game/Deth_Grip_2.0_Parkour/DethGrip/Content/FX_Effects/FXVarietyPack/Textures/T_ky_maskCircle.ubulk" 636
"C:/Users/B00645723/Documents/GitHub/DethGrip-Parkour-Game/Deth_Grip_2.0_Parkour/DethGrip/Content/FX_Effects/FXVarietyPack/Textures/T_ky_maskCircle.uasset" 637
"C:/Users/B00645723/Documents/GitHub/DethGrip-Parkour-Game/Deth_Grip_2.0_Parkour/DethGrip/Content/FX_Effects/FXVarietyPack/Textures/T_ky_maskCircle.uexp" 638
"C:/Users/B00645723/Documents/GitHub/DethGrip-Parkour-Game/Deth_Grip_2.0_Parkour/DethGrip/Content/FX_Effects/FXVarietyPack/Textures/T_ky_auraWallWhite_4x4.ubulk" 639
"C:/Users/B00645723/Documents/GitHub/DethGrip-Parkour-Game/Deth_Grip_2.0_Parkour/DethGrip/Content/FX_Effects/FXVarietyPack/Textures/T_ky_auraWallWhite_4x4.uasset" 640
"C:/Users/B00645723/Documents/GitHub/DethGrip-Parkour-Game/Deth_Grip_2.0_Parkour/DethGrip/Content/FX_Effects/FXVarietyPack/Textures/T_ky_auraWallWhite_4x4.uexp" 641
"C:/Users/B00645723/Documents/GitHub/DethGrip-Parkour-Game/Deth_Grip_2.0_Parkour/DethGrip/Content/FX_Effects/FXVarietyPack/Materials/M_ky_base_anime.uasset" 642
"C:/Users/B00645723/Documents/GitHub/DethGrip-Parkour-Game/Deth_Grip_2.0_Parkour/DethGrip/Content/FX_Effects/FXVarietyPack/Materials/M_ky_base_anime.uexp" 643
"C:/Users/B00645723/Documents/GitHub/DethGrip-Parkour-Game/Deth_Grip_2.0_Parkour/DethGrip/Content/FX_Effects/FXVarietyPack/Materials/MI_ky_circle9_4x4c2.uasset" 644
"C:/Users/B00645723/Documents/GitHub/DethGrip-Parkour-Game/Deth_Grip_2.0_Parkour/DethGrip/Content/FX_Effects/FXVarietyPack/Materials/MI_ky_circle9_4x4c2.uexp" 645
"C:/Users/B00645723/Documents/GitHub/DethGrip-Parkour-Game/Deth_Grip_2.0_Parkour/DethGrip/Content/FX_Effects/FXVarietyPack/Textures/T_ky_maskRGB3.ubulk" 646
"C:/Users/B00645723/Documents/GitHub/DethGrip-Parkour-Game/Deth_Grip_2.0_Parkour/DethGrip/Content/FX_Effects/FXVarietyPack/Textures/T_ky_maskRGB3.uasset" 647
"C:/Users/B00645723/Documents/GitHub/DethGrip-Parkour-Game/Deth_Grip_2.0_Parkour/DethGrip/Content/FX_Effects/FXVarietyPack/Textures/T_ky_maskRGB3.uexp" 648
"../../../Engine/Content/EngineResources/DefaultTexture.ubulk" 649
"../../../Engine/Content/EngineResources/DefaultTexture.uasset" 650
"../../../Engine/Content/EngineResources/DefaultTexture.uexp" 651
"C:/Users/B00645723/Documents/GitHub/DethGrip-Parkour-Game/Deth_Grip_2.0_Parkour/DethGrip/Content/FX_Effects/FXVarietyPack/Materials/Mfunction/MF_ky_UVcontrol_4x4.uasset" 652
"C:/Users/B00645723/Documents/GitHub/DethGrip-Parkour-Game/Deth_Grip_2.0_Parkour/DethGrip/Content/FX_Effects/FXVarietyPack/Materials/Mfunction/MF_ky_UVcontrol_4x4.uexp" 653
"C:/Users/B00645723/Documents/GitHub/DethGrip-Parkour-Game/Deth_Grip_2.0_Parkour/DethGrip/Content/FX_Effects/FXVarietyPack/Textures/T_ky_dust01_4x4.ubulk" 654
"C:/Users/B00645723/Documents/GitHub/DethGrip-Parkour-Game/Deth_Grip_2.0_Parkour/DethGrip/Content/FX_Effects/FXVarietyPack/Textures/T_ky_dust01_4x4.uasset" 655
"C:/Users/B00645723/Documents/GitHub/DethGrip-Parkour-Game/Deth_Grip_2.0_Parkour/DethGrip/Content/FX_Effects/FXVarietyPack/Textures/T_ky_dust01_4x4.uexp" 656
"C:/Users/B00645723/Documents/GitHub/DethGrip-Parkour-Game/Deth_Grip_2.0_Parkour/DethGrip/Content/FX_Effects/FXVarietyPack/Materials/M_ky_dust01_4x4.uasset" 657
"C:/Users/B00645723/Documents/GitHub/DethGrip-Parkour-Game/Deth_Grip_2.0_Parkour/DethGrip/Content/FX_Effects/FXVarietyPack/Materials/M_ky_dust01_4x4.uexp" 658
"C:/Users/B00645723/Documents/GitHub/DethGrip-Parkour-Game/Deth_Grip_2.0_Parkour/DethGrip/Content/FX_Effects/FXVarietyPack/Textures/T_ky_noise13_sml_nor.ubulk" 659
"C:/Users/B00645723/Documents/GitHub/DethGrip-Parkour-Game/Deth_Grip_2.0_Parkour/DethGrip/Content/FX_Effects/FXVarietyPack/Textures/T_ky_noise13_sml_nor.uasset" 660
"C:/Users/B00645723/Documents/GitHub/DethGrip-Parkour-Game/Deth_Grip_2.0_Parkour/DethGrip/Content/FX_Effects/FXVarietyPack/Textures/T_ky_noise13_sml_nor.uexp" 661
"C:/Users/B00645723/Documents/GitHub/DethGrip-Parkour-Game/Deth_Grip_2.0_Parkour/DethGrip/Content/FX_Effects/FXVarietyPack/Textures/T_ky_smoke03.uasset" 662
"C:/Users/B00645723/Documents/GitHub/DethGrip-Parkour-Game/Deth_Grip_2.0_Parkour/DethGrip/Content/FX_Effects/FXVarietyPack/Textures/T_ky_smoke03.uexp" 663
"C:/Users/B00645723/Documents/GitHub/DethGrip-Parkour-Game/Deth_Grip_2.0_Parkour/DethGrip/Content/FX_Effects/FXVarietyPack/Materials/M_ky_auraWall02.uasset" 664
"C:/Users/B00645723/Documents/GitHub/DethGrip-Parkour-Game/Deth_Grip_2.0_Parkour/DethGrip/Content/FX_Effects/FXVarietyPack/Materials/M_ky_auraWall02.uexp" 665
"C:/Users/B00645723/Documents/GitHub/DethGrip-Parkour-Game/Deth_Grip_2.0_Parkour/DethGrip/Content/FX_Effects/FXVarietyPack/Materials/MI_ky_auraWall02_two.uasset" 666
"C:/Users/B00645723/Documents/GitHub/DethGrip-Parkour-Game/Deth_Grip_2.0_Parkour/DethGrip/Content/FX_Effects/FXVarietyPack/Materials/MI_ky_auraWall02_two.uexp" 667
"C:/Users/B00645723/Documents/GitHub/DethGrip-Parkour-Game/Deth_Grip_2.0_Parkour/DethGrip/Content/FX_Effects/FXVarietyPack/Particles/P_ky_healAura.uasset" 668
"C:/Users/B00645723/Documents/GitHub/DethGrip-Parkour-Game/Deth_Grip_2.0_Parkour/DethGrip/Content/FX_Effects/FXVarietyPack/Particles/P_ky_healAura.uexp" 669
"C:/Users/B00645723/Documents/GitHub/DethGrip-Parkour-Game/Deth_Grip_2.0_Parkour/DethGrip/Content/Weapon_Packs/MilitaryWeapSilver/FX/Textures/T_SparkImpacts_2x2_01.ubulk" 670
"C:/Users/B00645723/Documents/GitHub/DethGrip-Parkour-Game/Deth_Grip_2.0_Parkour/DethGrip/Content/Weapon_Packs/MilitaryWeapSilver/FX/Textures/T_SparkImpacts_2x2_01.uasset" 671
"C:/Users/B00645723/Documents/GitHub/DethGrip-Parkour-Game/Deth_Grip_2.0_Parkour/DethGrip/Content/Weapon_Packs/MilitaryWeapSilver/FX/Textures/T_SparkImpacts_2x2_01.uexp" 672
"C:/Users/B00645723/Documents/GitHub/DethGrip-Parkour-Game/Deth_Grip_2.0_Parkour/DethGrip/Content/Weapon_Packs/MilitaryWeapSilver/FX/Materials/M_SparksImpact_2x2_01.uasset" 673
"C:/Users/B00645723/Documents/GitHub/DethGrip-Parkour-Game/Deth_Grip_2.0_Parkour/DethGrip/Content/Weapon_Packs/MilitaryWeapSilver/FX/Materials/M_SparksImpact_2x2_01.uexp" 674
"C:/Users/B00645723/Documents/GitHub/DethGrip-Parkour-Game/Deth_Grip_2.0_Parkour/DethGrip/Content/Weapon_Packs/MilitaryWeapSilver/FX/Vector_Fields/VF_Turbulence_01.uasset" 675
"C:/Users/B00645723/Documents/GitHub/DethGrip-Parkour-Game/Deth_Grip_2.0_Parkour/DethGrip/Content/Weapon_Packs/MilitaryWeapSilver/FX/Vector_Fields/VF_Turbulence_01.uexp" 676
"C:/Users/B00645723/Documents/GitHub/DethGrip-Parkour-Game/Deth_Grip_2.0_Parkour/DethGrip/Content/Weapon_Packs/MilitaryWeapSilver/FX/Textures/T_Ember_01.ubulk" 677
"C:/Users/B00645723/Documents/GitHub/DethGrip-Parkour-Game/Deth_Grip_2.0_Parkour/DethGrip/Content/Weapon_Packs/MilitaryWeapSilver/FX/Textures/T_Ember_01.uasset" 678
"C:/Users/B00645723/Documents/GitHub/DethGrip-Parkour-Game/Deth_Grip_2.0_Parkour/DethGrip/Content/Weapon_Packs/MilitaryWeapSilver/FX/Textures/T_Ember_01.uexp" 679
"C:/Users/B00645723/Documents/GitHub/DethGrip-Parkour-Game/Deth_Grip_2.0_Parkour/DethGrip/Content/Weapon_Packs/MilitaryWeapSilver/FX/Materials/M_Ember_Speed_01.uasset" 680
"C:/Users/B00645723/Documents/GitHub/DethGrip-Parkour-Game/Deth_Grip_2.0_Parkour/DethGrip/Content/Weapon_Packs/MilitaryWeapSilver/FX/Materials/M_Ember_Speed_01.uexp" 681
"C:/Users/B00645723/Documents/GitHub/DethGrip-Parkour-Game/Deth_Grip_2.0_Parkour/DethGrip/Content/Weapon_Packs/MilitaryWeapSilver/FX/Textures/T_Sparks_02.ubulk" 682
"C:/Users/B00645723/Documents/GitHub/DethGrip-Parkour-Game/Deth_Grip_2.0_Parkour/DethGrip/Content/Weapon_Packs/MilitaryWeapSilver/FX/Textures/T_Sparks_02.uasset" 683
"C:/Users/B00645723/Documents/GitHub/DethGrip-Parkour-Game/Deth_Grip_2.0_Parkour/DethGrip/Content/Weapon_Packs/MilitaryWeapSilver/FX/Textures/T_Sparks_02.uexp" 684
"C:/Users/B00645723/Documents/GitHub/DethGrip-Parkour-Game/Deth_Grip_2.0_Parkour/DethGrip/Content/Weapon_Packs/MilitaryWeapSilver/FX/Materials/M_Sparks_02.uasset" 685
"C:/Users/B00645723/Documents/GitHub/DethGrip-Parkour-Game/Deth_Grip_2.0_Parkour/DethGrip/Content/Weapon_Packs/MilitaryWeapSilver/FX/Materials/M_Sparks_02.uexp" 686
"C:/Users/B00645723/Documents/GitHub/DethGrip-Parkour-Game/Deth_Grip_2.0_Parkour/DethGrip/Content/Weapon_Packs/MilitaryWeapSilver/FX/P_Impact_Metal_Large_01.uasset" 687
"C:/Users/B00645723/Documents/GitHub/DethGrip-Parkour-Game/Deth_Grip_2.0_Parkour/DethGrip/Content/Weapon_Packs/MilitaryWeapSilver/FX/P_Impact_Metal_Large_01.uexp" 688
"C:/Users/B00645723/Documents/GitHub/DethGrip-Parkour-Game/Deth_Grip_2.0_Parkour/DethGrip/Content/FirstPerson_Main/UI/UI_Heal_Cooldown.uasset" 689
"C:/Users/B00645723/Documents/GitHub/DethGrip-Parkour-Game/Deth_Grip_2.0_Parkour/DethGrip/Content/FirstPerson_Main/UI/UI_Heal_Cooldown.uexp" 690
"C:/Users/B00645723/Documents/GitHub/DethGrip-Parkour-Game/Deth_Grip_2.0_Parkour/DethGrip/Content/FirstPerson_Main/Input/Actions/IA_Look.uasset" 691
"C:/Users/B00645723/Documents/GitHub/DethGrip-Parkour-Game/Deth_Grip_2.0_Parkour/DethGrip/Content/FirstPerson_Main/Input/Actions/IA_Look.uexp" 692
"C:/Users/B00645723/Documents/GitHub/DethGrip-Parkour-Game/Deth_Grip_2.0_Parkour/DethGrip/Content/FirstPerson_Main/Blueprints/Player/BP_FirstPersonCharacter.uasset" 693
"C:/Users/B00645723/Documents/GitHub/DethGrip-Parkour-Game/Deth_Grip_2.0_Parkour/DethGrip/Content/FirstPerson_Main/Blueprints/Player/BP_FirstPersonCharacter.uexp" 694
"C:/Users/B00645723/Documents/GitHub/DethGrip-Parkour-Game/Deth_Grip_2.0_Parkour/DethGrip/Content/FirstPerson_Main/UI/UI_Hit_Indicator.uasset" 695
"C:/Users/B00645723/Documents/GitHub/DethGrip-Parkour-Game/Deth_Grip_2.0_Parkour/DethGrip/Content/FirstPerson_Main/UI/UI_Hit_Indicator.uexp" 696
"C:/Users/B00645723/Documents/GitHub/DethGrip-Parkour-Game/Deth_Grip_2.0_Parkour/DethGrip/Content/FirstPerson_Main/Blueprints/Misc_BPs/BP_Teleport_Zone.uasset" 697
"C:/Users/B00645723/Documents/GitHub/DethGrip-Parkour-Game/Deth_Grip_2.0_Parkour/DethGrip/Content/FirstPerson_Main/Blueprints/Misc_BPs/BP_Teleport_Zone.uexp" 698
"C:/Users/B00645723/Documents/GitHub/DethGrip-Parkour-Game/Deth_Grip_2.0_Parkour/DethGrip/Content/FirstPerson_Main/UI/UI_Textures/Your_WINNER.uasset" 699
"C:/Users/B00645723/Documents/GitHub/DethGrip-Parkour-Game/Deth_Grip_2.0_Parkour/DethGrip/Content/FirstPerson_Main/UI/UI_Textures/Your_WINNER.uexp" 700
"C:/Users/B00645723/Documents/GitHub/DethGrip-Parkour-Game/Deth_Grip_2.0_Parkour/DethGrip/Content/FirstPerson_Main/UI/UI_Winner.uasset" 701
"C:/Users/B00645723/Documents/GitHub/DethGrip-Parkour-Game/Deth_Grip_2.0_Parkour/DethGrip/Content/FirstPerson_Main/UI/UI_Winner.uexp" 702
"C:/Users/B00645723/Documents/GitHub/DethGrip-Parkour-Game/Deth_Grip_2.0_Parkour/DethGrip/Content/FirstPerson_Main/Blueprints/Misc_BPs/BP_Level_End_Trigger.uasset" 703
"C:/Users/B00645723/Documents/GitHub/DethGrip-Parkour-Game/Deth_Grip_2.0_Parkour/DethGrip/Content/FirstPerson_Main/Blueprints/Misc_BPs/BP_Level_End_Trigger.uexp" 704
"C:/Users/B00645723/Documents/GitHub/DethGrip-Parkour-Game/Deth_Grip_2.0_Parkour/DethGrip/Content/FirstPerson_Main/UI/UI_Collectable_Found.uasset" 705
"C:/Users/B00645723/Documents/GitHub/DethGrip-Parkour-Game/Deth_Grip_2.0_Parkour/DethGrip/Content/FirstPerson_Main/UI/UI_Collectable_Found.uexp" 706
"../../../Engine/Content/Tutorial/SubEditors/TutorialAssets/Character/TutorialTPP_Skeleton.uasset" 707
"../../../Engine/Content/Tutorial/SubEditors/TutorialAssets/Character/TutorialTPP_Skeleton.uexp" 708
"../../../Engine/Content/Tutorial/SubEditors/TutorialAssets/Character/TutorialTPP_Mat.uasset" 709
"../../../Engine/Content/Tutorial/SubEditors/TutorialAssets/Character/TutorialTPP_Mat.uexp" 710
"../../../Engine/Content/Tutorial/SubEditors/TutorialAssets/Character/TutorialTPP_PhysicsAsset.uasset" 711
"../../../Engine/Content/Tutorial/SubEditors/TutorialAssets/Character/TutorialTPP_PhysicsAsset.uexp" 712
"../../../Engine/Content/Tutorial/SubEditors/TutorialAssets/Character/TutorialTPP.uasset" 713
"../../../Engine/Content/Tutorial/SubEditors/TutorialAssets/Character/TutorialTPP.uexp" 714
"C:/Users/B00645723/Documents/GitHub/DethGrip-Parkour-Game/Deth_Grip_2.0_Parkour/DethGrip/Content/Weapon_Packs/MilitaryWeapSilver/Sound/Knife/Wavs/Knife_ImpactBody02.ubulk" 715
"C:/Users/B00645723/Documents/GitHub/DethGrip-Parkour-Game/Deth_Grip_2.0_Parkour/DethGrip/Content/Weapon_Packs/MilitaryWeapSilver/Sound/Knife/Wavs/Knife_ImpactBody02.uasset" 716
"C:/Users/B00645723/Documents/GitHub/DethGrip-Parkour-Game/Deth_Grip_2.0_Parkour/DethGrip/Content/Weapon_Packs/MilitaryWeapSilver/Sound/Knife/Wavs/Knife_ImpactBody02.uexp" 717
"C:/Users/B00645723/Documents/GitHub/DethGrip-Parkour-Game/Deth_Grip_2.0_Parkour/DethGrip/Content/FirstPerson_Main/Blueprints/Misc_BPs/Collectables/BP_Golden_Collectable.uasset" 718
"C:/Users/B00645723/Documents/GitHub/DethGrip-Parkour-Game/Deth_Grip_2.0_Parkour/DethGrip/Content/FirstPerson_Main/Blueprints/Misc_BPs/Collectables/BP_Golden_Collectable.uexp" 719
"../../../Engine/Content/EngineMaterials/Substrate/Volume/SubstrateSimpleVolumeLUT3D.uasset" 720
"../../../Engine/Content/EngineMaterials/Substrate/Volume/SubstrateSimpleVolumeLUT3D.uexp" 721
"../../../Engine/Content/EngineMaterials/Substrate/Volume/SubstrateSimpleVolumeEnvLUT3D.uasset" 722
"../../../Engine/Content/EngineMaterials/Substrate/Volume/SubstrateSimpleVolumeEnvLUT3D.uexp" 723
"C:/Users/B00645723/Documents/GitHub/DethGrip-Parkour-Game/Deth_Grip_2.0_Parkour/DethGrip/Content/Weapon_Packs/MilitaryWeapSilver/Pickups/Textures/Pickup_Norm.ubulk" 724
"C:/Users/B00645723/Documents/GitHub/DethGrip-Parkour-Game/Deth_Grip_2.0_Parkour/DethGrip/Content/Weapon_Packs/MilitaryWeapSilver/Pickups/Textures/Pickup_Norm.uasset" 725
"C:/Users/B00645723/Documents/GitHub/DethGrip-Parkour-Game/Deth_Grip_2.0_Parkour/DethGrip/Content/Weapon_Packs/MilitaryWeapSilver/Pickups/Textures/Pickup_Norm.uexp" 726
"C:/Users/B00645723/Documents/GitHub/DethGrip-Parkour-Game/Deth_Grip_2.0_Parkour/DethGrip/Content/Weapon_Packs/MilitaryWeapSilver/Pickups/Textures/Pickup_Diff.ubulk" 727
"C:/Users/B00645723/Documents/GitHub/DethGrip-Parkour-Game/Deth_Grip_2.0_Parkour/DethGrip/Content/Weapon_Packs/MilitaryWeapSilver/Pickups/Textures/Pickup_Diff.uasset" 728
"C:/Users/B00645723/Documents/GitHub/DethGrip-Parkour-Game/Deth_Grip_2.0_Parkour/DethGrip/Content/Weapon_Packs/MilitaryWeapSilver/Pickups/Textures/Pickup_Diff.uexp" 729
"C:/Users/B00645723/Documents/GitHub/DethGrip-Parkour-Game/Deth_Grip_2.0_Parkour/DethGrip/Content/Weapon_Packs/MilitaryWeapSilver/Pickups/Textures/Pickup_Masks.ubulk" 730
"C:/Users/B00645723/Documents/GitHub/DethGrip-Parkour-Game/Deth_Grip_2.0_Parkour/DethGrip/Content/Weapon_Packs/MilitaryWeapSilver/Pickups/Textures/Pickup_Masks.uasset" 731
"C:/Users/B00645723/Documents/GitHub/DethGrip-Parkour-Game/Deth_Grip_2.0_Parkour/DethGrip/Content/Weapon_Packs/MilitaryWeapSilver/Pickups/Textures/Pickup_Masks.uexp" 732
"C:/Users/B00645723/Documents/GitHub/DethGrip-Parkour-Game/Deth_Grip_2.0_Parkour/DethGrip/Content/Weapon_Packs/MilitaryWeapSilver/Pickups/Materials/M_Pickups_Inst.uasset" 733
"C:/Users/B00645723/Documents/GitHub/DethGrip-Parkour-Game/Deth_Grip_2.0_Parkour/DethGrip/Content/Weapon_Packs/MilitaryWeapSilver/Pickups/Materials/M_Pickups_Inst.uexp" 734
"C:/Users/B00645723/Documents/GitHub/DethGrip-Parkour-Game/Deth_Grip_2.0_Parkour/DethGrip/Content/Weapon_Packs/MilitaryWeapSilver/Pickups/Pistol_Pickup.ubulk" 735
"C:/Users/B00645723/Documents/GitHub/DethGrip-Parkour-Game/Deth_Grip_2.0_Parkour/DethGrip/Content/Weapon_Packs/MilitaryWeapSilver/Pickups/Pistol_Pickup.uasset" 736
"C:/Users/B00645723/Documents/GitHub/DethGrip-Parkour-Game/Deth_Grip_2.0_Parkour/DethGrip/Content/Weapon_Packs/MilitaryWeapSilver/Pickups/Pistol_Pickup.uexp" 737
"C:/Users/B00645723/Documents/GitHub/DethGrip-Parkour-Game/Deth_Grip_2.0_Parkour/DethGrip/Content/FirstPerson_Main/Props/Pickups/Ammo_Pickups/BP_Pistol_ammo_Standard.uasset" 738
"C:/Users/B00645723/Documents/GitHub/DethGrip-Parkour-Game/Deth_Grip_2.0_Parkour/DethGrip/Content/FirstPerson_Main/Props/Pickups/Ammo_Pickups/BP_Pistol_ammo_Standard.uexp" 739
"C:/Users/B00645723/Documents/GitHub/DethGrip-Parkour-Game/Deth_Grip_2.0_Parkour/DethGrip/Content/Weapon_Packs/FPS_Starter_Weapon/Audio/money-pickup-2-89563.ubulk" 740
"C:/Users/B00645723/Documents/GitHub/DethGrip-Parkour-Game/Deth_Grip_2.0_Parkour/DethGrip/Content/Weapon_Packs/FPS_Starter_Weapon/Audio/money-pickup-2-89563.uasset" 741
"C:/Users/B00645723/Documents/GitHub/DethGrip-Parkour-Game/Deth_Grip_2.0_Parkour/DethGrip/Content/Weapon_Packs/FPS_Starter_Weapon/Audio/money-pickup-2-89563.uexp" 742
"C:/Users/B00645723/Documents/GitHub/DethGrip-Parkour-Game/Deth_Grip_2.0_Parkour/DethGrip/Content/StarterContent/Fab/Coin/Materials/Coin_silver_Mat.uasset" 743
"C:/Users/B00645723/Documents/GitHub/DethGrip-Parkour-Game/Deth_Grip_2.0_Parkour/DethGrip/Content/StarterContent/Fab/Coin/Materials/Coin_silver_Mat.uexp" 744
"C:/Users/B00645723/Documents/GitHub/DethGrip-Parkour-Game/Deth_Grip_2.0_Parkour/DethGrip/Content/StarterContent/Fab/Coin/Sketal_Meshs/SK_Bronze.uasset" 745
"C:/Users/B00645723/Documents/GitHub/DethGrip-Parkour-Game/Deth_Grip_2.0_Parkour/DethGrip/Content/StarterContent/Fab/Coin/Sketal_Meshs/SK_Bronze.uexp" 746
"C:/Users/B00645723/Documents/GitHub/DethGrip-Parkour-Game/Deth_Grip_2.0_Parkour/DethGrip/Content/StarterContent/Fab/Coin/Materials/Coin_Bronze_Mat.uasset" 747
"C:/Users/B00645723/Documents/GitHub/DethGrip-Parkour-Game/Deth_Grip_2.0_Parkour/DethGrip/Content/StarterContent/Fab/Coin/Materials/Coin_Bronze_Mat.uexp" 748
"C:/Users/B00645723/Documents/GitHub/DethGrip-Parkour-Game/Deth_Grip_2.0_Parkour/DethGrip/Content/StarterContent/Fab/Coin/Sketal_Meshs/SKM_Coin_Bronze.uasset" 749
"C:/Users/B00645723/Documents/GitHub/DethGrip-Parkour-Game/Deth_Grip_2.0_Parkour/DethGrip/Content/StarterContent/Fab/Coin/Sketal_Meshs/SKM_Coin_Bronze.uexp" 750
"C:/Users/B00645723/Documents/GitHub/DethGrip-Parkour-Game/Deth_Grip_2.0_Parkour/DethGrip/Content/FirstPerson_Main/Blueprints/Misc_BPs/Collectables/BP_Coin_SIlver.uasset" 751
"C:/Users/B00645723/Documents/GitHub/DethGrip-Parkour-Game/Deth_Grip_2.0_Parkour/DethGrip/Content/FirstPerson_Main/Blueprints/Misc_BPs/Collectables/BP_Coin_SIlver.uexp" 752
"C:/Users/B00645723/Documents/GitHub/DethGrip-Parkour-Game/Deth_Grip_2.0_Parkour/DethGrip/Content/StarterContent/Fab/Coin/Materials/Coin_gold_Mat.uasset" 753
"C:/Users/B00645723/Documents/GitHub/DethGrip-Parkour-Game/Deth_Grip_2.0_Parkour/DethGrip/Content/StarterContent/Fab/Coin/Materials/Coin_gold_Mat.uexp" 754
"C:/Users/B00645723/Documents/GitHub/DethGrip-Parkour-Game/Deth_Grip_2.0_Parkour/DethGrip/Content/FirstPerson_Main/Blueprints/Misc_BPs/Collectables/BP_Coin_Gold.uasset" 755
"C:/Users/B00645723/Documents/GitHub/DethGrip-Parkour-Game/Deth_Grip_2.0_Parkour/DethGrip/Content/FirstPerson_Main/Blueprints/Misc_BPs/Collectables/BP_Coin_Gold.uexp" 756
"C:/Users/B00645723/Documents/GitHub/DethGrip-Parkour-Game/Deth_Grip_2.0_Parkour/DethGrip/Content/FirstPerson_Main/Blueprints/Misc_BPs/Collectables/BP_Coin_Bronze.uasset" 757
"C:/Users/B00645723/Documents/GitHub/DethGrip-Parkour-Game/Deth_Grip_2.0_Parkour/DethGrip/Content/FirstPerson_Main/Blueprints/Misc_BPs/Collectables/BP_Coin_Bronze.uexp" 758
"../../../Engine/Content/Functions/Engine_MaterialFunctions01/Shading/PowerToRoughness.uasset" 759
"../../../Engine/Content/Functions/Engine_MaterialFunctions01/Shading/PowerToRoughness.uexp" 760
"C:/Users/B00645723/Documents/GitHub/DethGrip-Parkour-Game/Deth_Grip_2.0_Parkour/DethGrip/Content/FPWeapon/Materials/BaseMaterial.uasset" 761
"C:/Users/B00645723/Documents/GitHub/DethGrip-Parkour-Game/Deth_Grip_2.0_Parkour/DethGrip/Content/FPWeapon/Materials/BaseMaterial.uexp" 762
"C:/Users/B00645723/Documents/GitHub/DethGrip-Parkour-Game/Deth_Grip_2.0_Parkour/DethGrip/Content/StarterContent/Audio/Explosion01.ubulk" 763
"C:/Users/B00645723/Documents/GitHub/DethGrip-Parkour-Game/Deth_Grip_2.0_Parkour/DethGrip/Content/StarterContent/Audio/Explosion01.uasset" 764
"C:/Users/B00645723/Documents/GitHub/DethGrip-Parkour-Game/Deth_Grip_2.0_Parkour/DethGrip/Content/StarterContent/Audio/Explosion01.uexp" 765
"C:/Users/B00645723/Documents/GitHub/DethGrip-Parkour-Game/Deth_Grip_2.0_Parkour/DethGrip/Content/StarterContent/Audio/Explosion02.ubulk" 766
"C:/Users/B00645723/Documents/GitHub/DethGrip-Parkour-Game/Deth_Grip_2.0_Parkour/DethGrip/Content/StarterContent/Audio/Explosion02.uasset" 767
"C:/Users/B00645723/Documents/GitHub/DethGrip-Parkour-Game/Deth_Grip_2.0_Parkour/DethGrip/Content/StarterContent/Audio/Explosion02.uexp" 768
"C:/Users/B00645723/Documents/GitHub/DethGrip-Parkour-Game/Deth_Grip_2.0_Parkour/DethGrip/Content/StarterContent/Materials/M_Basic_Floor.uasset" 769
"C:/Users/B00645723/Documents/GitHub/DethGrip-Parkour-Game/Deth_Grip_2.0_Parkour/DethGrip/Content/StarterContent/Materials/M_Basic_Floor.uexp" 770
"../../../Engine/Content/EditorMaterials/Dataflow/DataflowTwoSidedVertexMaterial.uasset" 771
"../../../Engine/Content/EditorMaterials/Dataflow/DataflowTwoSidedVertexMaterial.uexp" 772
"../../../Engine/Content/EditorMaterials/Dataflow/DataflowVertexMaterial.uasset" 773
"../../../Engine/Content/EditorMaterials/Dataflow/DataflowVertexMaterial.uexp" 774
"../../../Engine/Content/BasicShapes/BasicShapeMaterial.uasset" 775
"../../../Engine/Content/BasicShapes/BasicShapeMaterial.uexp" 776
"../../../Engine/Content/Functions/Engine_MaterialFunctions01/Shading/ConvertFromDiffSpec.uasset" 777
"../../../Engine/Content/Functions/Engine_MaterialFunctions01/Shading/ConvertFromDiffSpec.uexp" 778
"../../../Engine/Content/EditorMaterials/GridMaterial.uasset" 779
"../../../Engine/Content/EditorMaterials/GridMaterial.uexp" 780
"../../../Engine/Content/EditorMaterials/PhAT_NoCollisionMaterial.uasset" 781
"../../../Engine/Content/EditorMaterials/PhAT_NoCollisionMaterial.uexp" 782
"../../../Engine/Content/EditorMaterials/PhAT_UnselectedMaterial.uasset" 783
"../../../Engine/Content/EditorMaterials/PhAT_UnselectedMaterial.uexp" 784
"../../../Engine/Content/EditorMaterials/PreviewShadowIndicator.ubulk" 785
"../../../Engine/Content/EditorMaterials/PreviewShadowIndicator.uasset" 786
"../../../Engine/Content/EditorMaterials/PreviewShadowIndicator.uexp" 787
"../../../Engine/Content/EditorMaterials/PreviewShadowIndicatorMaterial.uasset" 788
"../../../Engine/Content/EditorMaterials/PreviewShadowIndicatorMaterial.uexp" 789
"../../../Engine/Content/EngineDebugMaterials/DebugEditorMaterial.uasset" 790
"../../../Engine/Content/EngineDebugMaterials/DebugEditorMaterial.uexp" 791
"../../../Engine/Content/EngineDebugMaterials/DebugMeshMaterial.uasset" 792
"../../../Engine/Content/EngineDebugMaterials/DebugMeshMaterial.uexp" 793
"../../../Engine/Content/EngineDebugMaterials/M_SimpleUnlitTranslucent.uasset" 794
"../../../Engine/Content/EngineDebugMaterials/M_SimpleUnlitTranslucent.uexp" 795
"../../../Engine/Content/Functions/Engine_MaterialFunctions02/Utility/CameraDirectionVector.uasset" 796
"../../../Engine/Content/Functions/Engine_MaterialFunctions02/Utility/CameraDirectionVector.uexp" 797
"../../../Engine/Content/EngineDebugMaterials/VolumeToRender.uasset" 798
"../../../Engine/Content/EngineDebugMaterials/VolumeToRender.uexp" 799
"../../../Engine/Content/EngineDebugMaterials/M_VolumeRenderSphereTracePP.uasset" 800
"../../../Engine/Content/EngineDebugMaterials/M_VolumeRenderSphereTracePP.uexp" 801
"../../../Engine/Content/EngineMaterials/DefaultDiffuse.ubulk" 802
"../../../Engine/Content/EngineMaterials/DefaultDiffuse.uasset" 803
"../../../Engine/Content/EngineMaterials/DefaultDiffuse.uexp" 804
"../../../Engine/Content/EngineMaterials/DefaultDeferredDecalMaterial.uasset" 805
"../../../Engine/Content/EngineMaterials/DefaultDeferredDecalMaterial.uexp" 806
"../../../Engine/Content/EngineMaterials/DefaultLightFunctionMaterial.uasset" 807
"../../../Engine/Content/EngineMaterials/DefaultLightFunctionMaterial.uexp" 808
"../../../Engine/Content/EngineMaterials/DefaultPostProcessMaterial.uasset" 809
"../../../Engine/Content/EngineMaterials/DefaultPostProcessMaterial.uexp" 810
"../../../Engine/Content/EngineFonts/RobotoDistanceField.uasset" 811
"../../../Engine/Content/EngineFonts/RobotoDistanceField.uexp" 812
"../../../Engine/Content/EngineMaterials/DefaultTextMaterialOpaque.uasset" 813
"../../../Engine/Content/EngineMaterials/DefaultTextMaterialOpaque.uexp" 814
"../../../Engine/Content/EngineMaterials/DefaultWhiteGrid_Low.uasset" 815
"../../../Engine/Content/EngineMaterials/DefaultWhiteGrid_Low.uexp" 816
"../../../Engine/Content/EngineMaterials/EmissiveMeshMaterial.uasset" 817
"../../../Engine/Content/EngineMaterials/EmissiveMeshMaterial.uexp" 818
"../../../Engine/Content/EngineMaterials/BaseFlattenNormalMap.uasset" 819
"../../../Engine/Content/EngineMaterials/BaseFlattenNormalMap.uexp" 820
"../../../Engine/Content/EngineMaterials/BaseFlattenGrayscaleMap.uasset" 821
"../../../Engine/Content/EngineMaterials/BaseFlattenGrayscaleMap.uexp" 822
"../../../Engine/Content/EngineMaterials/BaseFlattenDiffuseMap.uasset" 823
"../../../Engine/Content/EngineMaterials/BaseFlattenDiffuseMap.uexp" 824
"../../../Engine/Content/Functions/Engine_MaterialFunctions02/PivotPainter2/Black_1x1_EXR_Texture.uasset" 825
"../../../Engine/Content/Functions/Engine_MaterialFunctions02/PivotPainter2/Black_1x1_EXR_Texture.uexp" 826
"../../../Engine/Content/EngineMaterials/BaseFlattenEmissiveMap.uasset" 827
"../../../Engine/Content/EngineMaterials/BaseFlattenEmissiveMap.uexp" 828
"../../../Engine/Content/EngineMaterials/BaseFlattenLinearColor.uasset" 829
"../../../Engine/Content/EngineMaterials/BaseFlattenLinearColor.uexp" 830
"../../../Engine/Content/EngineMaterials/FlattenMaterial.uasset" 831
"../../../Engine/Content/EngineMaterials/FlattenMaterial.uexp" 832
"../../../Engine/Content/EngineMaterials/BaseFlattenEmissiveMap_VT.uasset" 833
"../../../Engine/Content/EngineMaterials/BaseFlattenEmissiveMap_VT.uexp" 834
"../../../Engine/Content/EngineMaterials/BaseFlattenGrayscaleMap_VT.uasset" 835
"../../../Engine/Content/EngineMaterials/BaseFlattenGrayscaleMap_VT.uexp" 836
"../../../Engine/Content/EngineMaterials/BaseFlattenLinearColor_VT.uasset" 837
"../../../Engine/Content/EngineMaterials/BaseFlattenLinearColor_VT.uexp" 838
"../../../Engine/Content/EngineMaterials/Black_1x1_EXR_Texture_VT.uasset" 839
"../../../Engine/Content/EngineMaterials/Black_1x1_EXR_Texture_VT.uexp" 840
"../../../Engine/Content/EngineMaterials/BaseFlattenDiffuseMap_VT.uasset" 841
"../../../Engine/Content/EngineMaterials/BaseFlattenDiffuseMap_VT.uexp" 842
"../../../Engine/Content/EngineMaterials/BaseFlattenNormalMap_VT.uasset" 843
"../../../Engine/Content/EngineMaterials/BaseFlattenNormalMap_VT.uexp" 844
"../../../Engine/Content/EngineMaterials/FlattenMaterial_VT.uasset" 845
"../../../Engine/Content/EngineMaterials/FlattenMaterial_VT.uexp" 846
"../../../Engine/Content/EngineMaterials/FlattenMaterial_WS_Normal_VT.uasset" 847
"../../../Engine/Content/EngineMaterials/FlattenMaterial_WS_Normal_VT.uexp" 848
"../../../Engine/Content/EngineMaterials/GizmoMaterial.uasset" 849
"../../../Engine/Content/EngineMaterials/GizmoMaterial.uexp" 850
"../../../Engine/Content/EngineMaterials/InvalidLightmapSettings.ubulk" 851
"../../../Engine/Content/EngineMaterials/InvalidLightmapSettings.uasset" 852
"../../../Engine/Content/EngineMaterials/InvalidLightmapSettings.uexp" 853
"../../../Engine/Content/EngineMaterials/M_InvalidLightmapSettings.uasset" 854
"../../../Engine/Content/EngineMaterials/M_InvalidLightmapSettings.uexp" 855
"../../../Engine/Content/EngineMaterials/NaniteHiddenSectionMaterial.uasset" 856
"../../../Engine/Content/EngineMaterials/NaniteHiddenSectionMaterial.uexp" 857
"../../../Engine/Content/Functions/Engine_MaterialFunctions02/WorldPositionOffset/CameraOffset.uasset" 858
"../../../Engine/Content/Functions/Engine_MaterialFunctions02/WorldPositionOffset/CameraOffset.uexp" 859
"../../../Engine/Content/EngineMaterials/PhAT_JointLimitMaterial.uasset" 860
"../../../Engine/Content/EngineMaterials/PhAT_JointLimitMaterial.uexp" 861
"../../../Engine/Content/EngineMaterials/DefaultCalibrationColor.uasset" 862
"../../../Engine/Content/EngineMaterials/DefaultCalibrationColor.uexp" 863
"../../../Engine/Content/EngineMaterials/PPM_DefaultCalibrationColor.uasset" 864
"../../../Engine/Content/EngineMaterials/PPM_DefaultCalibrationColor.uexp" 865
"../../../Engine/Content/EngineMaterials/DefaultCalibrationGrayscale.uasset" 866
"../../../Engine/Content/EngineMaterials/DefaultCalibrationGrayscale.uexp" 867
"../../../Engine/Content/EngineMaterials/PPM_DefaultCalibrationGrayscale.uasset" 868
"../../../Engine/Content/EngineMaterials/PPM_DefaultCalibrationGrayscale.uexp" 869
"../../../Engine/Content/EngineMaterials/RemoveSurfaceMaterial.uasset" 870
"../../../Engine/Content/EngineMaterials/RemoveSurfaceMaterial.uexp" 871
"../../../Engine/Plugins/Animation/ControlRig/Content/Controls/ControlRigGizmoMaterial.uasset" 872
"../../../Engine/Plugins/Animation/ControlRig/Content/Controls/ControlRigGizmoMaterial.uexp" 873
"../../../Engine/Plugins/Animation/ControlRig/Content/Controls/ControlRigXRayMaterial.uasset" 874
"../../../Engine/Plugins/Animation/ControlRig/Content/Controls/ControlRigXRayMaterial.uexp" 875
"../../../Engine/Plugins/Animation/ControlRig/Content/M_Manip.uasset" 876
"../../../Engine/Plugins/Animation/ControlRig/Content/M_Manip.uexp" 877
"../../../Engine/Plugins/Editor/SpeedTreeImporter/Content/SpeedTree9/game_wind_noise.ubulk" 878
"../../../Engine/Plugins/Editor/SpeedTreeImporter/Content/SpeedTree9/game_wind_noise.uasset" 879
"../../../Engine/Plugins/Editor/SpeedTreeImporter/Content/SpeedTree9/game_wind_noise.uexp" 880
"../../../Engine/Plugins/Editor/SpeedTreeImporter/Content/SpeedTree9/UnpackDirection.uasset" 881
"../../../Engine/Plugins/Editor/SpeedTreeImporter/Content/SpeedTree9/UnpackDirection.uexp" 882
"../../../Engine/Content/Functions/Engine_MaterialFunctions02/ObjectLocalBounds.uasset" 883
"../../../Engine/Content/Functions/Engine_MaterialFunctions02/ObjectLocalBounds.uexp" 884
"../../../Engine/Content/Functions/Engine_MaterialFunctions02/Utility/BreakOutFloat3Components.uasset" 885
"../../../Engine/Content/Functions/Engine_MaterialFunctions02/Utility/BreakOutFloat3Components.uexp" 886
"../../../Engine/Content/Functions/Engine_MaterialFunctions02/UVs/BoundingBoxBased_0-1_UVW.uasset" 887
"../../../Engine/Content/Functions/Engine_MaterialFunctions02/UVs/BoundingBoxBased_0-1_UVW.uexp" 888
"../../../Engine/Plugins/Editor/SpeedTreeImporter/Content/SpeedTree9/SpeedTreeBillboard.uasset" 889
"../../../Engine/Plugins/Editor/SpeedTreeImporter/Content/SpeedTree9/SpeedTreeBillboard.uexp" 890
"../../../Engine/Content/Functions/Engine_MaterialFunctions02/Utility/VectorLength.uasset" 891
"../../../Engine/Content/Functions/Engine_MaterialFunctions02/Utility/VectorLength.uexp" 892
"../../../Engine/Plugins/Editor/SpeedTreeImporter/Content/SpeedTree9/UnpackInteger3.uasset" 893
"../../../Engine/Plugins/Editor/SpeedTreeImporter/Content/SpeedTree9/UnpackInteger3.uexp" 894
"../../../Engine/Content/Functions/Engine_MaterialFunctions02/WorldPositionOffset/ObjectScale.uasset" 895
"../../../Engine/Content/Functions/Engine_MaterialFunctions02/WorldPositionOffset/ObjectScale.uexp" 896
"../../../Engine/Content/Functions/Engine_MaterialFunctions02/SafeNormalize.uasset" 897
"../../../Engine/Content/Functions/Engine_MaterialFunctions02/SafeNormalize.uexp" 898
"../../../Engine/Plugins/Editor/SpeedTreeImporter/Content/SpeedTree9/SpeedTreeWindMotion.uasset" 899
"../../../Engine/Plugins/Editor/SpeedTreeImporter/Content/SpeedTree9/SpeedTreeWindMotion.uexp" 900
"../../../Engine/Plugins/Editor/SpeedTreeImporter/Content/SpeedTree9/SpeedTreeBranchMotion.uasset" 901
"../../../Engine/Plugins/Editor/SpeedTreeImporter/Content/SpeedTree9/SpeedTreeBranchMotion.uexp" 902
"../../../Engine/Plugins/Editor/SpeedTreeImporter/Content/SpeedTree9/SpeedTreeWind.uasset" 903
"../../../Engine/Plugins/Editor/SpeedTreeImporter/Content/SpeedTree9/SpeedTreeWind.uexp" 904
"../../../Engine/Plugins/Editor/SpeedTreeImporter/Content/SpeedTree9/EmptyNormal.uasset" 905
"../../../Engine/Plugins/Editor/SpeedTreeImporter/Content/SpeedTree9/EmptyNormal.uexp" 906
"../../../Engine/Plugins/Editor/SpeedTreeImporter/Content/SpeedTree9/Empty.uasset" 907
"../../../Engine/Plugins/Editor/SpeedTreeImporter/Content/SpeedTree9/Empty.uexp" 908
"../../../Engine/Plugins/Editor/SpeedTreeImporter/Content/SpeedTree9/SpeedTreeBillboardMaster.uasset" 909
"../../../Engine/Plugins/Editor/SpeedTreeImporter/Content/SpeedTree9/SpeedTreeBillboardMaster.uexp" 910
"../../../Engine/Plugins/Editor/SpeedTreeImporter/Content/SpeedTree9/SpeedTreeCameraFacing.uasset" 911
"../../../Engine/Plugins/Editor/SpeedTreeImporter/Content/SpeedTree9/SpeedTreeCameraFacing.uexp" 912
"../../../Engine/Plugins/Editor/SpeedTreeImporter/Content/SpeedTree9/SpeedTreeMaster.uasset" 913
"../../../Engine/Plugins/Editor/SpeedTreeImporter/Content/SpeedTree9/SpeedTreeMaster.uexp" 914
"../../../Engine/Plugins/Interchange/Assets/Content/Functions/MX_AbsorptionVDF.uasset" 915
"../../../Engine/Plugins/Interchange/Assets/Content/Functions/MX_AbsorptionVDF.uexp" 916
"../../../Engine/Plugins/Interchange/Assets/Content/Functions/MX_AnisotropicVDF.uasset" 917
"../../../Engine/Plugins/Interchange/Assets/Content/Functions/MX_AnisotropicVDF.uexp" 918
"../../../Engine/Plugins/Interchange/Assets/Content/Functions/MX_BurleyDiffuseBSDF.uasset" 919
"../../../Engine/Plugins/Interchange/Assets/Content/Functions/MX_BurleyDiffuseBSDF.uexp" 920
"../../../Engine/Plugins/Interchange/Assets/Content/Functions/MX_ConductorBSDF.uasset" 921
"../../../Engine/Plugins/Interchange/Assets/Content/Functions/MX_ConductorBSDF.uexp" 922
"../../../Engine/Plugins/Interchange/Assets/Content/Functions/MX_ConicalEDF.uasset" 923
"../../../Engine/Plugins/Interchange/Assets/Content/Functions/MX_ConicalEDF.uexp" 924
"../../../Engine/Plugins/Interchange/Assets/Content/Functions/MX_DielectricBSDF.uasset" 925
"../../../Engine/Plugins/Interchange/Assets/Content/Functions/MX_DielectricBSDF.uexp" 926
"../../../Engine/Plugins/Interchange/Assets/Content/Functions/MX_GeneralizedSchlickBSDF.uasset" 927
"../../../Engine/Plugins/Interchange/Assets/Content/Functions/MX_GeneralizedSchlickBSDF.uexp" 928
"../../../Engine/Plugins/Interchange/Assets/Content/Functions/MX_MeasuredEDF.uasset" 929
"../../../Engine/Plugins/Interchange/Assets/Content/Functions/MX_MeasuredEDF.uexp" 930
"../../../Engine/Plugins/Interchange/Assets/Content/Utilities/New_LUT.uasset" 931
"../../../Engine/Plugins/Interchange/Assets/Content/Utilities/New_LUT.uexp" 932
"../../../Engine/Content/Functions/Engine_MaterialFunctions03/Math/RemapValueRange.uasset" 933
"../../../Engine/Content/Functions/Engine_MaterialFunctions03/Math/RemapValueRange.uexp" 934
"../../../Engine/Plugins/Interchange/Assets/Content/Functions/MF_Iridescence.uasset" 935
"../../../Engine/Plugins/Interchange/Assets/Content/Functions/MF_Iridescence.uexp" 936
"../../../Engine/Plugins/Interchange/Assets/Content/Functions/MX_StandardSurface.uasset" 937
"../../../Engine/Plugins/Interchange/Assets/Content/Functions/MX_StandardSurface.uexp" 938
"../../../Engine/Plugins/Interchange/Assets/Content/Functions/MX_OpenPBR_Opaque.uasset" 939
"../../../Engine/Plugins/Interchange/Assets/Content/Functions/MX_OpenPBR_Opaque.uexp" 940
"../../../Engine/Plugins/Interchange/Assets/Content/Functions/MX_TransmissionSurface.uasset" 941
"../../../Engine/Plugins/Interchange/Assets/Content/Functions/MX_TransmissionSurface.uexp" 942
"../../../Engine/Plugins/Interchange/Assets/Content/Functions/MX_OpenPBR_Translucent.uasset" 943
"../../../Engine/Plugins/Interchange/Assets/Content/Functions/MX_OpenPBR_Translucent.uexp" 944
"../../../Engine/Plugins/Interchange/Assets/Content/Functions/MX_OrenNayarBSDF.uasset" 945
"../../../Engine/Plugins/Interchange/Assets/Content/Functions/MX_OrenNayarBSDF.uexp" 946
"../../../Engine/Plugins/Interchange/Assets/Content/Functions/MX_SheenBSDF.uasset" 947
"../../../Engine/Plugins/Interchange/Assets/Content/Functions/MX_SheenBSDF.uexp" 948
"../../../Engine/Plugins/Interchange/Assets/Content/Functions/MX_SubsurfaceBSDF.uasset" 949
"../../../Engine/Plugins/Interchange/Assets/Content/Functions/MX_SubsurfaceBSDF.uexp" 950
"../../../Engine/Plugins/Interchange/Assets/Content/Functions/MX_Surface.uasset" 951
"../../../Engine/Plugins/Interchange/Assets/Content/Functions/MX_Surface.uexp" 952
"../../../Engine/Plugins/Interchange/Assets/Content/Functions/MX_SurfaceUnlit.uasset" 953
"../../../Engine/Plugins/Interchange/Assets/Content/Functions/MX_SurfaceUnlit.uexp" 954
"../../../Engine/Plugins/Interchange/Assets/Content/Functions/MX_ThinFilmBSDF.uasset" 955
"../../../Engine/Plugins/Interchange/Assets/Content/Functions/MX_ThinFilmBSDF.uexp" 956
"../../../Engine/Plugins/Interchange/Assets/Content/Functions/MX_TranslucentBSDF.uasset" 957
"../../../Engine/Plugins/Interchange/Assets/Content/Functions/MX_TranslucentBSDF.uexp" 958
"../../../Engine/Plugins/Interchange/Assets/Content/Functions/MX_UniformEDF.uasset" 959
"../../../Engine/Plugins/Interchange/Assets/Content/Functions/MX_UniformEDF.uexp" 960
"../../../Engine/Plugins/Interchange/Assets/Content/Functions/MX_UsdPreviewSurface.uasset" 961
"../../../Engine/Plugins/Interchange/Assets/Content/Functions/MX_UsdPreviewSurface.uexp" 962
"../../../Engine/Plugins/Runtime/AR/AppleAR/AppleARKit/Content/M_SceneDepthOcclusion.uasset" 963
"../../../Engine/Plugins/Runtime/AR/AppleAR/AppleARKit/Content/M_SceneDepthOcclusion.uexp" 964
"../../../Engine/Plugins/Runtime/AR/ARUtilities/Content/Materials/MF_DistanceColorLerp.uasset" 965
"../../../Engine/Plugins/Runtime/AR/ARUtilities/Content/Materials/MF_DistanceColorLerp.uexp" 966
"../../../Engine/Plugins/Runtime/AR/ARUtilities/Content/Materials/M_DepthColoration.uasset" 967
"../../../Engine/Plugins/Runtime/AR/ARUtilities/Content/Materials/M_DepthColoration.uexp" 968
"../../../Engine/Plugins/Runtime/AR/ARUtilities/Content/Materials/DummyExternalTexture.uasset" 969
"../../../Engine/Plugins/Runtime/AR/ARUtilities/Content/Materials/DummyExternalTexture.uexp" 970
"../../../Engine/Plugins/Runtime/AR/ARUtilities/Content/Materials/M_PassthroughCamera.uasset" 971
"../../../Engine/Plugins/Runtime/AR/ARUtilities/Content/Materials/M_PassthroughCamera.uexp" 972
"../../../Engine/Plugins/Runtime/HairStrands/Content/Materials/HairCardsDefaultMaterial.uasset" 973
"../../../Engine/Plugins/Runtime/HairStrands/Content/Materials/HairCardsDefaultMaterial.uexp" 974
"../../../Engine/Plugins/Runtime/HairStrands/Content/Materials/HairGroupColors.uasset" 975
"../../../Engine/Plugins/Runtime/HairStrands/Content/Materials/HairGroupColors.uexp" 976
"../../../Engine/Content/Functions/Engine_MaterialFunctions02/Utility/MakeFloat2.uasset" 977
"../../../Engine/Content/Functions/Engine_MaterialFunctions02/Utility/MakeFloat2.uexp" 978
"../../../Engine/Content/Functions/Engine_MaterialFunctions02/Utility/MakeFloat3.uasset" 979
"../../../Engine/Content/Functions/Engine_MaterialFunctions02/Utility/MakeFloat3.uexp" 980
"../../../Engine/Content/EngineMaterials/HairColorMap.uasset" 981
"../../../Engine/Content/EngineMaterials/HairColorMap.uexp" 982
"../../../Engine/Content/EngineMaterials/HairDebugColor.uasset" 983
"../../../Engine/Content/EngineMaterials/HairDebugColor.uexp" 984
"../../../Engine/Plugins/Runtime/HairStrands/Content/Materials/HairDebugMaterial.uasset" 985
"../../../Engine/Plugins/Runtime/HairStrands/Content/Materials/HairDebugMaterial.uexp" 986
"../../../Engine/Plugins/Runtime/HairStrands/Content/Materials/HairDefaultMaterial.uasset" 987
"../../../Engine/Plugins/Runtime/HairStrands/Content/Materials/HairDefaultMaterial.uexp" 988
"../../../Engine/Plugins/Runtime/HairStrands/Content/Materials/HairMeshesDefaultMaterial.uasset" 989
"../../../Engine/Plugins/Runtime/HairStrands/Content/Materials/HairMeshesDefaultMaterial.uexp" 990
"../../../Engine/Plugins/Runtime/MeshModelingToolset/Content/Materials/M_DynamicMeshComponentVtxColor.uasset" 991
"../../../Engine/Plugins/Runtime/MeshModelingToolset/Content/Materials/M_DynamicMeshComponentVtxColor.uexp" 992
"../../../Engine/Content/EngineMeshes/Sphere.ubulk" 993
"../../../Engine/Content/EngineMeshes/Sphere.uasset" 994
"../../../Engine/Content/EngineMeshes/Sphere.uexp" 995
"../../../Engine/Content/ArtTools/RenderToTexture/Meshes/S_1_Unit_Plane.ubulk" 996
"../../../Engine/Content/ArtTools/RenderToTexture/Meshes/S_1_Unit_Plane.uasset" 997
"../../../Engine/Content/ArtTools/RenderToTexture/Meshes/S_1_Unit_Plane.uexp" 998
"../../../Engine/Content/EngineMaterials/Substrate/GLints/AGlintTex2dArray.uasset" 999
"../../../Engine/Content/EngineMaterials/Substrate/GLints/AGlintTex2dArray.uexp" 1000
"../../../Engine/Content/EngineMaterials/Substrate/GLints2/AGlintTex2dArray2.uasset" 1001
"../../../Engine/Content/EngineMaterials/Substrate/GLints2/AGlintTex2dArray2.uexp" 1002
"../../../Engine/Content/VREditor/LaserPointer/VR_LaserPower_01.ubulk" 1003
"../../../Engine/Content/VREditor/LaserPointer/VR_LaserPower_01.uasset" 1004
"../../../Engine/Content/VREditor/LaserPointer/VR_LaserPower_01.uexp" 1005
"../../../Engine/Content/VREditor/TransformGizmo/TransformGizmoMaterial.uasset" 1006
"../../../Engine/Content/VREditor/TransformGizmo/TransformGizmoMaterial.uexp" 1007
"../../../Engine/Content/VREditor/TransformGizmo/TranslucentTransformGizmoMaterial.uasset" 1008
"../../../Engine/Content/VREditor/TransformGizmo/TranslucentTransformGizmoMaterial.uexp" 1009
"../../../Engine/Content/VREditor/TransformGizmo/BoundingBoxCorner.ubulk" 1010
"../../../Engine/Content/VREditor/TransformGizmo/BoundingBoxCorner.uasset" 1011
"../../../Engine/Content/VREditor/TransformGizmo/BoundingBoxCorner.uexp" 1012
"../../../Engine/Content/VREditor/TransformGizmo/BoundingBoxEdge.ubulk" 1013
"../../../Engine/Content/VREditor/TransformGizmo/BoundingBoxEdge.uasset" 1014
"../../../Engine/Content/VREditor/TransformGizmo/BoundingBoxEdge.uexp" 1015
"../../../Engine/Content/VREditor/TransformGizmo/Main.uasset" 1016
"../../../Engine/Content/VREditor/TransformGizmo/Main.uexp" 1017
"../../../Engine/Content/VREditor/TransformGizmo/Xray.uasset" 1018
"../../../Engine/Content/VREditor/TransformGizmo/Xray.uexp" 1019
"../../../Engine/Content/VREditor/TransformGizmo/SM_Sequencer_Node.ubulk" 1020
"../../../Engine/Content/VREditor/TransformGizmo/SM_Sequencer_Node.uasset" 1021
"../../../Engine/Content/VREditor/TransformGizmo/SM_Sequencer_Node.uexp" 1022
"../../../Engine/Content/Functions/Engine_MaterialFunctions02/Math/Transform3x3Matrix.uasset" 1023
"../../../Engine/Content/Functions/Engine_MaterialFunctions02/Math/Transform3x3Matrix.uexp" 1024
"../../../Engine/Plugins/Interchange/Assets/Content/gltf/Textures/T_White_srgb.uasset" 1025
"../../../Engine/Plugins/Interchange/Assets/Content/gltf/Textures/T_White_srgb.uexp" 1026
"../../../Engine/Plugins/Interchange/Assets/Content/gltf/MaterialFunctions/MF_Specular.uasset" 1027
"../../../Engine/Plugins/Interchange/Assets/Content/gltf/MaterialFunctions/MF_Specular.uexp" 1028
"../../../Engine/Plugins/Interchange/Assets/Content/gltf/Textures/T_Anisotropy_Direction_Linear.uasset" 1029
"../../../Engine/Plugins/Interchange/Assets/Content/gltf/Textures/T_Anisotropy_Direction_Linear.uexp" 1030
"../../../Engine/Plugins/Interchange/Assets/Content/gltf/MaterialFunctions/MF_SpecularAnisotropy.uasset" 1031
"../../../Engine/Plugins/Interchange/Assets/Content/gltf/MaterialFunctions/MF_SpecularAnisotropy.uexp" 1032
"../../../Engine/Plugins/Interchange/Assets/Content/gltf/Textures/T_White_Linear.uasset" 1033
"../../../Engine/Plugins/Interchange/Assets/Content/gltf/Textures/T_White_Linear.uexp" 1034
"../../../Engine/Plugins/Interchange/Assets/Content/gltf/MaterialFunctions/MF_MetallicRoughness.uasset" 1035
"../../../Engine/Plugins/Interchange/Assets/Content/gltf/MaterialFunctions/MF_MetallicRoughness.uexp" 1036
"../../../Engine/Plugins/Interchange/Assets/Content/gltf/Textures/T_Generic_N.uasset" 1037
"../../../Engine/Plugins/Interchange/Assets/Content/gltf/Textures/T_Generic_N.uexp" 1038
"../../../Engine/Plugins/Interchange/Assets/Content/gltf/MaterialFunctions/MF_ScaleNormal.uasset" 1039
"../../../Engine/Plugins/Interchange/Assets/Content/gltf/MaterialFunctions/MF_ScaleNormal.uexp" 1040
"../../../Engine/Plugins/Interchange/Assets/Content/gltf/MaterialFunctions/MF_BaseColor.uasset" 1041
"../../../Engine/Plugins/Interchange/Assets/Content/gltf/MaterialFunctions/MF_BaseColor.uexp" 1042
"../../../Engine/Plugins/Interchange/Assets/Content/gltf/MaterialFunctions/MF_Iridescence.uasset" 1043
"../../../Engine/Plugins/Interchange/Assets/Content/gltf/MaterialFunctions/MF_Iridescence.uexp" 1044
"../../../Engine/Plugins/Interchange/Assets/Content/gltf/MaterialFunctions/MF_Occlusion.uasset" 1045
"../../../Engine/Plugins/Interchange/Assets/Content/gltf/MaterialFunctions/MF_Occlusion.uexp" 1046
"../../../Engine/Plugins/Interchange/Assets/Content/gltf/MaterialFunctions/MF_IOR.uasset" 1047
"../../../Engine/Plugins/Interchange/Assets/Content/gltf/MaterialFunctions/MF_IOR.uexp" 1048
"../../../Engine/Plugins/Interchange/Assets/Content/gltf/MaterialFunctions/MF_RotateV2.uasset" 1049
"../../../Engine/Plugins/Interchange/Assets/Content/gltf/MaterialFunctions/MF_RotateV2.uexp" 1050
"../../../Engine/Plugins/Interchange/Assets/Content/gltf/MaterialFunctions/MF_TransformUVs.uasset" 1051
"../../../Engine/Plugins/Interchange/Assets/Content/gltf/MaterialFunctions/MF_TransformUVs.uexp" 1052
"../../../Engine/Plugins/Interchange/Assets/Content/gltf/MaterialFunctions/MF_Emissive.uasset" 1053
"../../../Engine/Plugins/Interchange/Assets/Content/gltf/MaterialFunctions/MF_Emissive.uexp" 1054
"../../../Engine/Plugins/Interchange/Assets/Content/gltf/MaterialFunctions/MF_RotateNormals_TS.uasset" 1055
"../../../Engine/Plugins/Interchange/Assets/Content/gltf/MaterialFunctions/MF_RotateNormals_TS.uexp" 1056
"../../../Engine/Plugins/Interchange/Assets/Content/gltf/MaterialFunctions/MF_Normals.uasset" 1057
"../../../Engine/Plugins/Interchange/Assets/Content/gltf/MaterialFunctions/MF_Normals.uexp" 1058
"../../../Engine/Content/Functions/Engine_MaterialFunctions01/Texturing/FlattenNormal.uasset" 1059
"../../../Engine/Content/Functions/Engine_MaterialFunctions01/Texturing/FlattenNormal.uexp" 1060
"../../../Engine/Plugins/Interchange/Assets/Content/gltf/MaterialFunctions/MF_Clearcoat.uasset" 1061
"../../../Engine/Plugins/Interchange/Assets/Content/gltf/MaterialFunctions/MF_Clearcoat.uexp" 1062
"../../../Engine/Plugins/Interchange/Assets/Content/gltf/MaterialBodies/MF_ClearCoat_Body.uasset" 1063
"../../../Engine/Plugins/Interchange/Assets/Content/gltf/MaterialBodies/MF_ClearCoat_Body.uexp" 1064
"../../../Engine/Plugins/Interchange/Assets/Content/gltf/M_ClearCoat.uasset" 1065
"../../../Engine/Plugins/Interchange/Assets/Content/gltf/M_ClearCoat.uexp" 1066
"../../../Engine/Plugins/Interchange/Assets/Content/gltf/MaterialInstances/MI_ClearCoat_Blend.uasset" 1067
"../../../Engine/Plugins/Interchange/Assets/Content/gltf/MaterialInstances/MI_ClearCoat_Blend.uexp" 1068
"../../../Engine/Plugins/Interchange/Assets/Content/gltf/MaterialInstances/MI_ClearCoat_Blend_DS.uasset" 1069
"../../../Engine/Plugins/Interchange/Assets/Content/gltf/MaterialInstances/MI_ClearCoat_Blend_DS.uexp" 1070
"../../../Engine/Plugins/Interchange/Assets/Content/gltf/MaterialInstances/MI_ClearCoat_Mask.uasset" 1071
"../../../Engine/Plugins/Interchange/Assets/Content/gltf/MaterialInstances/MI_ClearCoat_Mask.uexp" 1072
"../../../Engine/Plugins/Interchange/Assets/Content/gltf/MaterialInstances/MI_ClearCoat_Mask_DS.uasset" 1073
"../../../Engine/Plugins/Interchange/Assets/Content/gltf/MaterialInstances/MI_ClearCoat_Mask_DS.uexp" 1074
"../../../Engine/Plugins/Interchange/Assets/Content/gltf/MaterialInstances/MI_ClearCoat_Opaque.uasset" 1075
"../../../Engine/Plugins/Interchange/Assets/Content/gltf/MaterialInstances/MI_ClearCoat_Opaque.uexp" 1076
"../../../Engine/Plugins/Interchange/Assets/Content/gltf/MaterialInstances/MI_ClearCoat_Opaque_DS.uasset" 1077
"../../../Engine/Plugins/Interchange/Assets/Content/gltf/MaterialInstances/MI_ClearCoat_Opaque_DS.uexp" 1078
"../../../Engine/Plugins/Interchange/Assets/Content/gltf/MaterialBodies/MF_Default_Body.uasset" 1079
"../../../Engine/Plugins/Interchange/Assets/Content/gltf/MaterialBodies/MF_Default_Body.uexp" 1080
"../../../Engine/Plugins/Interchange/Assets/Content/gltf/M_Default.uasset" 1081
"../../../Engine/Plugins/Interchange/Assets/Content/gltf/M_Default.uexp" 1082
"../../../Engine/Plugins/Interchange/Assets/Content/gltf/MaterialInstances/MI_Default_Blend.uasset" 1083
"../../../Engine/Plugins/Interchange/Assets/Content/gltf/MaterialInstances/MI_Default_Blend.uexp" 1084
"../../../Engine/Plugins/Interchange/Assets/Content/gltf/MaterialInstances/MI_Default_Blend_DS.uasset" 1085
"../../../Engine/Plugins/Interchange/Assets/Content/gltf/MaterialInstances/MI_Default_Blend_DS.uexp" 1086
"../../../Engine/Plugins/Interchange/Assets/Content/gltf/MaterialInstances/MI_Default_Mask.uasset" 1087
"../../../Engine/Plugins/Interchange/Assets/Content/gltf/MaterialInstances/MI_Default_Mask.uexp" 1088
"../../../Engine/Plugins/Interchange/Assets/Content/gltf/MaterialInstances/MI_Default_Mask_DS.uasset" 1089
"../../../Engine/Plugins/Interchange/Assets/Content/gltf/MaterialInstances/MI_Default_Mask_DS.uexp" 1090
"../../../Engine/Plugins/Interchange/Assets/Content/gltf/MaterialInstances/MI_Default_Opaque.uasset" 1091
"../../../Engine/Plugins/Interchange/Assets/Content/gltf/MaterialInstances/MI_Default_Opaque.uexp" 1092
"../../../Engine/Plugins/Interchange/Assets/Content/gltf/MaterialInstances/MI_Default_Opaque_DS.uasset" 1093
"../../../Engine/Plugins/Interchange/Assets/Content/gltf/MaterialInstances/MI_Default_Opaque_DS.uexp" 1094
"../../../Engine/Plugins/Interchange/Assets/Content/gltf/MaterialFunctions/MF_Sheen.uasset" 1095
"../../../Engine/Plugins/Interchange/Assets/Content/gltf/MaterialFunctions/MF_Sheen.uexp" 1096
"../../../Engine/Plugins/Interchange/Assets/Content/gltf/MaterialBodies/MF_Sheen_Body.uasset" 1097
"../../../Engine/Plugins/Interchange/Assets/Content/gltf/MaterialBodies/MF_Sheen_Body.uexp" 1098
"../../../Engine/Plugins/Interchange/Assets/Content/gltf/M_Sheen.uasset" 1099
"../../../Engine/Plugins/Interchange/Assets/Content/gltf/M_Sheen.uexp" 1100
"../../../Engine/Plugins/Interchange/Assets/Content/gltf/MaterialInstances/MI_Sheen_Blend.uasset" 1101
"../../../Engine/Plugins/Interchange/Assets/Content/gltf/MaterialInstances/MI_Sheen_Blend.uexp" 1102
"../../../Engine/Plugins/Interchange/Assets/Content/gltf/MaterialInstances/MI_Sheen_Blend_DS.uasset" 1103
"../../../Engine/Plugins/Interchange/Assets/Content/gltf/MaterialInstances/MI_Sheen_Blend_DS.uexp" 1104
"../../../Engine/Plugins/Interchange/Assets/Content/gltf/MaterialInstances/MI_Sheen_Mask.uasset" 1105
"../../../Engine/Plugins/Interchange/Assets/Content/gltf/MaterialInstances/MI_Sheen_Mask.uexp" 1106
"../../../Engine/Plugins/Interchange/Assets/Content/gltf/MaterialInstances/MI_Sheen_Mask_DS.uasset" 1107
"../../../Engine/Plugins/Interchange/Assets/Content/gltf/MaterialInstances/MI_Sheen_Mask_DS.uexp" 1108
"../../../Engine/Plugins/Interchange/Assets/Content/gltf/MaterialInstances/MI_Sheen_Opaque.uasset" 1109
"../../../Engine/Plugins/Interchange/Assets/Content/gltf/MaterialInstances/MI_Sheen_Opaque.uexp" 1110
"../../../Engine/Plugins/Interchange/Assets/Content/gltf/MaterialInstances/MI_Sheen_Opaque_DS.uasset" 1111
"../../../Engine/Plugins/Interchange/Assets/Content/gltf/MaterialInstances/MI_Sheen_Opaque_DS.uexp" 1112
"../../../Engine/Content/Functions/Engine_MaterialFunctions02/Math/AddComponents.uasset" 1113
"../../../Engine/Content/Functions/Engine_MaterialFunctions02/Math/AddComponents.uexp" 1114
"../../../Engine/Plugins/Interchange/Assets/Content/gltf/MaterialFunctions/MF_DiffuseSpecGloss.uasset" 1115
"../../../Engine/Plugins/Interchange/Assets/Content/gltf/MaterialFunctions/MF_DiffuseSpecGloss.uexp" 1116
"../../../Engine/Plugins/Interchange/Assets/Content/gltf/MaterialFunctions/MF_PerceivedBrightness.uasset" 1117
"../../../Engine/Plugins/Interchange/Assets/Content/gltf/MaterialFunctions/MF_PerceivedBrightness.uexp" 1118
"../../../Engine/Plugins/Interchange/Assets/Content/gltf/MaterialFunctions/MF_SpecGlossToMetalRoughness.uasset" 1119
"../../../Engine/Plugins/Interchange/Assets/Content/gltf/MaterialFunctions/MF_SpecGlossToMetalRoughness.uexp" 1120
"../../../Engine/Plugins/Interchange/Assets/Content/gltf/MaterialFunctions/MF_MaxComponentValue.uasset" 1121
"../../../Engine/Plugins/Interchange/Assets/Content/gltf/MaterialFunctions/MF_MaxComponentValue.uexp" 1122
"../../../Engine/Plugins/Interchange/Assets/Content/gltf/MaterialBodies/MF_SpecularGlossiness_Body.uasset" 1123
"../../../Engine/Plugins/Interchange/Assets/Content/gltf/MaterialBodies/MF_SpecularGlossiness_Body.uexp" 1124
"../../../Engine/Plugins/Interchange/Assets/Content/gltf/M_SpecularGlossiness.uasset" 1125
"../../../Engine/Plugins/Interchange/Assets/Content/gltf/M_SpecularGlossiness.uexp" 1126
"../../../Engine/Plugins/Interchange/Assets/Content/gltf/MaterialInstances/MI_SpecularGlossiness_Blend.uasset" 1127
"../../../Engine/Plugins/Interchange/Assets/Content/gltf/MaterialInstances/MI_SpecularGlossiness_Blend.uexp" 1128
"../../../Engine/Plugins/Interchange/Assets/Content/gltf/MaterialInstances/MI_SpecularGlossiness_Blend_DS.uasset" 1129
"../../../Engine/Plugins/Interchange/Assets/Content/gltf/MaterialInstances/MI_SpecularGlossiness_Blend_DS.uexp" 1130
"../../../Engine/Plugins/Interchange/Assets/Content/gltf/MaterialInstances/MI_SpecularGlossiness_Mask.uasset" 1131
"../../../Engine/Plugins/Interchange/Assets/Content/gltf/MaterialInstances/MI_SpecularGlossiness_Mask.uexp" 1132
"../../../Engine/Plugins/Interchange/Assets/Content/gltf/MaterialInstances/MI_SpecularGlossiness_Mask_DS.uasset" 1133
"../../../Engine/Plugins/Interchange/Assets/Content/gltf/MaterialInstances/MI_SpecularGlossiness_Mask_DS.uexp" 1134
"../../../Engine/Plugins/Interchange/Assets/Content/gltf/MaterialInstances/MI_SpecularGlossiness_Opaque.uasset" 1135
"../../../Engine/Plugins/Interchange/Assets/Content/gltf/MaterialInstances/MI_SpecularGlossiness_Opaque.uexp" 1136
"../../../Engine/Plugins/Interchange/Assets/Content/gltf/MaterialInstances/MI_SpecularGlossiness_Opaque_DS.uasset" 1137
"../../../Engine/Plugins/Interchange/Assets/Content/gltf/MaterialInstances/MI_SpecularGlossiness_Opaque_DS.uexp" 1138
"../../../Engine/Content/EngineMaterials/Good64x64TilingNoiseHighFreq.uasset" 1139
"../../../Engine/Content/EngineMaterials/Good64x64TilingNoiseHighFreq.uexp" 1140
"../../../Engine/Content/Functions/Engine_MaterialFunctions02/Texturing/ScreenAlignedPixelToPixelUVs.uasset" 1141
"../../../Engine/Content/Functions/Engine_MaterialFunctions02/Texturing/ScreenAlignedPixelToPixelUVs.uexp" 1142
"../../../Engine/Plugins/Interchange/Assets/Content/gltf/MaterialFunctions/MF_Temporal_Blur.uasset" 1143
"../../../Engine/Plugins/Interchange/Assets/Content/gltf/MaterialFunctions/MF_Temporal_Blur.uexp" 1144
"../../../Engine/Plugins/Interchange/Assets/Content/gltf/MaterialFunctions/MF_Fresnel_DS.uasset" 1145
"../../../Engine/Plugins/Interchange/Assets/Content/gltf/MaterialFunctions/MF_Fresnel_DS.uexp" 1146
"../../../Engine/Plugins/Interchange/Assets/Content/gltf/MaterialFunctions/MF_Transmission.uasset" 1147
"../../../Engine/Plugins/Interchange/Assets/Content/gltf/MaterialFunctions/MF_Transmission.uexp" 1148
"../../../Engine/Plugins/Interchange/Assets/Content/gltf/MaterialBodies/MF_Transmission_Body.uasset" 1149
"../../../Engine/Plugins/Interchange/Assets/Content/gltf/MaterialBodies/MF_Transmission_Body.uexp" 1150
"../../../Engine/Plugins/Interchange/Assets/Content/gltf/M_Transmission.uasset" 1151
"../../../Engine/Plugins/Interchange/Assets/Content/gltf/M_Transmission.uexp" 1152
"../../../Engine/Plugins/Interchange/Assets/Content/gltf/MaterialInstances/MI_Transmission.uasset" 1153
"../../../Engine/Plugins/Interchange/Assets/Content/gltf/MaterialInstances/MI_Transmission.uexp" 1154
"../../../Engine/Plugins/Interchange/Assets/Content/gltf/MaterialInstances/MI_Transmission_DS.uasset" 1155
"../../../Engine/Plugins/Interchange/Assets/Content/gltf/MaterialInstances/MI_Transmission_DS.uexp" 1156
"../../../Engine/Plugins/Interchange/Assets/Content/gltf/MaterialBodies/MF_Unlit_Body.uasset" 1157
"../../../Engine/Plugins/Interchange/Assets/Content/gltf/MaterialBodies/MF_Unlit_Body.uexp" 1158
"../../../Engine/Plugins/Interchange/Assets/Content/gltf/M_Unlit.uasset" 1159
"../../../Engine/Plugins/Interchange/Assets/Content/gltf/M_Unlit.uexp" 1160
"../../../Engine/Plugins/Interchange/Assets/Content/gltf/MaterialInstances/MI_Unlit_Blend.uasset" 1161
"../../../Engine/Plugins/Interchange/Assets/Content/gltf/MaterialInstances/MI_Unlit_Blend.uexp" 1162
"../../../Engine/Plugins/Interchange/Assets/Content/gltf/MaterialInstances/MI_Unlit_Blend_DS.uasset" 1163
"../../../Engine/Plugins/Interchange/Assets/Content/gltf/MaterialInstances/MI_Unlit_Blend_DS.uexp" 1164
"../../../Engine/Plugins/Interchange/Assets/Content/gltf/MaterialInstances/MI_Unlit_Mask.uasset" 1165
"../../../Engine/Plugins/Interchange/Assets/Content/gltf/MaterialInstances/MI_Unlit_Mask.uexp" 1166
"../../../Engine/Plugins/Interchange/Assets/Content/gltf/MaterialInstances/MI_Unlit_Mask_DS.uasset" 1167
"../../../Engine/Plugins/Interchange/Assets/Content/gltf/MaterialInstances/MI_Unlit_Mask_DS.uexp" 1168
"../../../Engine/Plugins/Interchange/Assets/Content/gltf/MaterialInstances/MI_Unlit_Opaque.uasset" 1169
"../../../Engine/Plugins/Interchange/Assets/Content/gltf/MaterialInstances/MI_Unlit_Opaque.uexp" 1170
"../../../Engine/Plugins/Interchange/Assets/Content/gltf/MaterialInstances/MI_Unlit_Opaque_DS.uasset" 1171
"../../../Engine/Plugins/Interchange/Assets/Content/gltf/MaterialInstances/MI_Unlit_Opaque_DS.uexp" 1172
"C:/Users/B00645723/Documents/GitHub/DethGrip-Parkour-Game/Deth_Grip_2.0_Parkour/DethGrip/Content/LevelPrototyping/Textures/T_GridChecker_A.ubulk" 1173
"C:/Users/B00645723/Documents/GitHub/DethGrip-Parkour-Game/Deth_Grip_2.0_Parkour/DethGrip/Content/LevelPrototyping/Textures/T_GridChecker_A.uasset" 1174
"C:/Users/B00645723/Documents/GitHub/DethGrip-Parkour-Game/Deth_Grip_2.0_Parkour/DethGrip/Content/LevelPrototyping/Textures/T_GridChecker_A.uexp" 1175
"../../../Engine/Content/Functions/Engine_MaterialFunctions01/ImageAdjustment/CheapContrast.uasset" 1176
"../../../Engine/Content/Functions/Engine_MaterialFunctions01/ImageAdjustment/CheapContrast.uexp" 1177
"C:/Users/B00645723/Documents/GitHub/DethGrip-Parkour-Game/Deth_Grip_2.0_Parkour/DethGrip/Content/LevelPrototyping/Materials/MF_ProcGrid.uasset" 1178
"C:/Users/B00645723/Documents/GitHub/DethGrip-Parkour-Game/Deth_Grip_2.0_Parkour/DethGrip/Content/LevelPrototyping/Materials/MF_ProcGrid.uexp" 1179
"C:/Users/B00645723/Documents/GitHub/DethGrip-Parkour-Game/Deth_Grip_2.0_Parkour/DethGrip/Content/LevelPrototyping/Materials/M_PrototypeGrid.uasset" 1180
"C:/Users/B00645723/Documents/GitHub/DethGrip-Parkour-Game/Deth_Grip_2.0_Parkour/DethGrip/Content/LevelPrototyping/Materials/M_PrototypeGrid.uexp" 1181
"C:/Users/B00645723/Documents/GitHub/DethGrip-Parkour-Game/Deth_Grip_2.0_Parkour/DethGrip/Content/LevelPrototyping/Materials/MI_PrototypeGrid_TopDark.uasset" 1182
"C:/Users/B00645723/Documents/GitHub/DethGrip-Parkour-Game/Deth_Grip_2.0_Parkour/DethGrip/Content/LevelPrototyping/Materials/MI_PrototypeGrid_TopDark.uexp" 1183
"C:/Users/B00645723/Documents/GitHub/DethGrip-Parkour-Game/Deth_Grip_2.0_Parkour/DethGrip/Content/LevelPrototyping/Materials/M_Solid.uasset" 1184
"C:/Users/B00645723/Documents/GitHub/DethGrip-Parkour-Game/Deth_Grip_2.0_Parkour/DethGrip/Content/LevelPrototyping/Materials/M_Solid.uexp" 1185
"C:/Users/B00645723/Documents/GitHub/DethGrip-Parkour-Game/Deth_Grip_2.0_Parkour/DethGrip/Content/LevelPrototyping/Materials/MI_Solid_Blue.uasset" 1186
"C:/Users/B00645723/Documents/GitHub/DethGrip-Parkour-Game/Deth_Grip_2.0_Parkour/DethGrip/Content/LevelPrototyping/Materials/MI_Solid_Blue.uexp" 1187
"C:/Users/B00645723/Documents/GitHub/DethGrip-Parkour-Game/Deth_Grip_2.0_Parkour/DethGrip/Content/LevelPrototyping/Materials/MI_PrototypeGrid_Gray.uasset" 1188
"C:/Users/B00645723/Documents/GitHub/DethGrip-Parkour-Game/Deth_Grip_2.0_Parkour/DethGrip/Content/LevelPrototyping/Materials/MI_PrototypeGrid_Gray.uexp" 1189
"C:/Users/B00645723/Documents/GitHub/DethGrip-Parkour-Game/Deth_Grip_2.0_Parkour/DethGrip/Content/LevelPrototyping/Meshes/SM_Cube.ubulk" 1190
"C:/Users/B00645723/Documents/GitHub/DethGrip-Parkour-Game/Deth_Grip_2.0_Parkour/DethGrip/Content/LevelPrototyping/Meshes/SM_Cube.uasset" 1191
"C:/Users/B00645723/Documents/GitHub/DethGrip-Parkour-Game/Deth_Grip_2.0_Parkour/DethGrip/Content/LevelPrototyping/Meshes/SM_Cube.uexp" 1192
"C:/Users/B00645723/Documents/GitHub/DethGrip-Parkour-Game/Deth_Grip_2.0_Parkour/DethGrip/Content/LevelPrototyping/Meshes/SM_QuarterCylinder.ubulk" 1193
"C:/Users/B00645723/Documents/GitHub/DethGrip-Parkour-Game/Deth_Grip_2.0_Parkour/DethGrip/Content/LevelPrototyping/Meshes/SM_QuarterCylinder.uasset" 1194
"C:/Users/B00645723/Documents/GitHub/DethGrip-Parkour-Game/Deth_Grip_2.0_Parkour/DethGrip/Content/LevelPrototyping/Meshes/SM_QuarterCylinder.uexp" 1195
"../../../Engine/Content/EditorMaterials/Camera/CineMat.uasset" 1196
"../../../Engine/Content/EditorMaterials/Camera/CineMat.uexp" 1197
"../../../Engine/Content/EditorMaterials/Camera/MI_CineMat_Rig.uasset" 1198
"../../../Engine/Content/EditorMaterials/Camera/MI_CineMat_Rig.uexp" 1199
"../../../Engine/Content/EditorMeshes/Camera/SM_CraneRig_Arm.ubulk" 1200
"../../../Engine/Content/EditorMeshes/Camera/SM_CraneRig_Arm.uasset" 1201
"../../../Engine/Content/EditorMeshes/Camera/SM_CraneRig_Arm.uexp" 1202
"../../../Engine/Content/EditorMeshes/Camera/SM_CraneRig_Base.ubulk" 1203
"../../../Engine/Content/EditorMeshes/Camera/SM_CraneRig_Base.uasset" 1204
"../../../Engine/Content/EditorMeshes/Camera/SM_CraneRig_Base.uexp" 1205
"../../../Engine/Content/EditorMeshes/Camera/SM_CraneRig_Body.ubulk" 1206
"../../../Engine/Content/EditorMeshes/Camera/SM_CraneRig_Body.uasset" 1207
"../../../Engine/Content/EditorMeshes/Camera/SM_CraneRig_Body.uexp" 1208
"../../../Engine/Content/EditorMeshes/Camera/SM_CraneRig_Mount.ubulk" 1209
"../../../Engine/Content/EditorMeshes/Camera/SM_CraneRig_Mount.uasset" 1210
"../../../Engine/Content/EditorMeshes/Camera/SM_CraneRig_Mount.uexp" 1211
"../../../Engine/Content/EditorMeshes/Camera/SM_RailRig_Mount.ubulk" 1212
"../../../Engine/Content/EditorMeshes/Camera/SM_RailRig_Mount.uasset" 1213
"../../../Engine/Content/EditorMeshes/Camera/SM_RailRig_Mount.uexp" 1214
"../../../Engine/Content/EditorMeshes/Camera/SM_RailRig_Track.ubulk" 1215
"../../../Engine/Content/EditorMeshes/Camera/SM_RailRig_Track.uasset" 1216
"../../../Engine/Content/EditorMeshes/Camera/SM_RailRig_Track.uexp" 1217
"../../../Engine/Content/EngineSky/VolumetricClouds/T_CloudMask.ubulk" 1218
"../../../Engine/Content/EngineSky/VolumetricClouds/T_CloudMask.uasset" 1219
"../../../Engine/Content/EngineSky/VolumetricClouds/T_CloudMask.uexp" 1220
"../../../Engine/Content/EngineSky/VolumetricClouds/VT_Lightning.uasset" 1221
"../../../Engine/Content/EngineSky/VolumetricClouds/VT_Lightning.uexp" 1222
"../../../Engine/Content/EngineSky/VolumetricClouds/T_Profile_08.ubulk" 1223
"../../../Engine/Content/EngineSky/VolumetricClouds/T_Profile_08.uasset" 1224
"../../../Engine/Content/EngineSky/VolumetricClouds/T_Profile_08.uexp" 1225
"../../../Engine/Content/Functions/Engine_MaterialFunctions02/Utility/MakeFloat4.uasset" 1226
"../../../Engine/Content/Functions/Engine_MaterialFunctions02/Utility/MakeFloat4.uexp" 1227
"../../../Engine/Content/Functions/Engine_MaterialFunctions01/Units/Km-to-Cm.uasset" 1228
"../../../Engine/Content/Functions/Engine_MaterialFunctions01/Units/Km-to-Cm.uexp" 1229
"../../../Engine/Content/Functions/Engine_MaterialFunctions02/Utility/BreakOutFloat4Components.uasset" 1230
"../../../Engine/Content/Functions/Engine_MaterialFunctions02/Utility/BreakOutFloat4Components.uexp" 1231
"../../../Engine/Content/EngineSky/VolumetricClouds/T_CloudPattern.ubulk" 1232
"../../../Engine/Content/EngineSky/VolumetricClouds/T_CloudPattern.uasset" 1233
"../../../Engine/Content/EngineSky/VolumetricClouds/T_CloudPattern.uexp" 1234
"../../../Engine/Content/EngineSky/VolumetricClouds/VT_PerlinWorley_Balanced.uasset" 1235
"../../../Engine/Content/EngineSky/VolumetricClouds/VT_PerlinWorley_Balanced.uexp" 1236
"../../../Engine/Content/EngineSky/VolumetricClouds/m_SimpleVolumetricCloud.uasset" 1237
"../../../Engine/Content/EngineSky/VolumetricClouds/m_SimpleVolumetricCloud.uexp" 1238
"../../../Engine/Content/EngineSky/VolumetricClouds/m_SimpleVolumetricCloud_Inst.uasset" 1239
"../../../Engine/Content/EngineSky/VolumetricClouds/m_SimpleVolumetricCloud_Inst.uexp" 1240
"../../../Engine/Content/EngineMaterials/DefaultMaterial.uasset" 1241
"../../../Engine/Content/EngineMaterials/DefaultMaterial.uexp" 1242
"../../../Engine/Content/BasicShapes/Cone.ubulk" 1243
"../../../Engine/Content/BasicShapes/Cone.uasset" 1244
"../../../Engine/Content/BasicShapes/Cone.uexp" 1245
"../../../Engine/Content/BasicShapes/Cube.ubulk" 1246
"../../../Engine/Content/BasicShapes/Cube.uasset" 1247
"../../../Engine/Content/BasicShapes/Cube.uexp" 1248
"../../../Engine/Content/BasicShapes/Cylinder.ubulk" 1249
"../../../Engine/Content/BasicShapes/Cylinder.uasset" 1250
"../../../Engine/Content/BasicShapes/Cylinder.uexp" 1251
"../../../Engine/Content/BasicShapes/Plane.ubulk" 1252
"../../../Engine/Content/BasicShapes/Plane.uasset" 1253
"../../../Engine/Content/BasicShapes/Plane.uexp" 1254
"../../../Engine/Content/BasicShapes/Sphere.ubulk" 1255
"../../../Engine/Content/BasicShapes/Sphere.uasset" 1256
"../../../Engine/Content/BasicShapes/Sphere.uexp" 1257
"../../../Engine/Content/EditorLandscapeResources/SplineEditorMeshMat.uasset" 1258
"../../../Engine/Content/EditorLandscapeResources/SplineEditorMeshMat.uexp" 1259
"../../../Engine/Content/EditorLandscapeResources/SplineEditorMesh.ubulk" 1260
"../../../Engine/Content/EditorLandscapeResources/SplineEditorMesh.uasset" 1261
"../../../Engine/Content/EditorLandscapeResources/SplineEditorMesh.uexp" 1262
"../../../Engine/Content/EngineMaterials/WeightMapPlaceholderTexture.uasset" 1263
"../../../Engine/Content/EngineMaterials/WeightMapPlaceholderTexture.uexp" 1264
"../../../Engine/Content/EngineMaterials/WeightMapArrayPlaceholderTexture.uasset" 1265
"../../../Engine/Content/EngineMaterials/WeightMapArrayPlaceholderTexture.uexp" 1266
"../../../Engine/Content/EngineResources/WhiteSquareTexture.uasset" 1267
"../../../Engine/Content/EngineResources/WhiteSquareTexture.uexp" 1268
"../../../Engine/Content/EngineMaterials/Widget3DPassThrough.uasset" 1269
"../../../Engine/Content/EngineMaterials/Widget3DPassThrough.uexp" 1270
"../../../Engine/Content/EngineMaterials/Widget3DPassThrough_Masked.uasset" 1271
"../../../Engine/Content/EngineMaterials/Widget3DPassThrough_Masked.uexp" 1272
"../../../Engine/Content/EngineMaterials/Widget3DPassThrough_Opaque.uasset" 1273
"../../../Engine/Content/EngineMaterials/Widget3DPassThrough_Opaque.uexp" 1274
"../../../Engine/Content/EngineMaterials/Widget3DPassThrough_Masked_OneSided.uasset" 1275
"../../../Engine/Content/EngineMaterials/Widget3DPassThrough_Masked_OneSided.uexp" 1276
"../../../Engine/Content/EngineMaterials/Widget3DPassThrough_Opaque_OneSided.uasset" 1277
"../../../Engine/Content/EngineMaterials/Widget3DPassThrough_Opaque_OneSided.uexp" 1278
"../../../Engine/Content/EngineMaterials/Widget3DPassThrough_Translucent.uasset" 1279
"../../../Engine/Content/EngineMaterials/Widget3DPassThrough_Translucent.uexp" 1280
"../../../Engine/Content/EngineMaterials/Widget3DPassThrough_Translucent_OneSided.uasset" 1281
"../../../Engine/Content/EngineMaterials/Widget3DPassThrough_Translucent_OneSided.uexp" 1282
"../../../Engine/Plugins/Animation/ControlRig/Content/Controls/ControlRig_Arrow2_1mm.ubulk" 1283
"../../../Engine/Plugins/Animation/ControlRig/Content/Controls/ControlRig_Arrow2_1mm.uasset" 1284
"../../../Engine/Plugins/Animation/ControlRig/Content/Controls/ControlRig_Arrow2_1mm.uexp" 1285
"../../../Engine/Plugins/Animation/ControlRig/Content/Controls/ControlRig_Arrow2_3mm.ubulk" 1286
"../../../Engine/Plugins/Animation/ControlRig/Content/Controls/ControlRig_Arrow2_3mm.uasset" 1287
"../../../Engine/Plugins/Animation/ControlRig/Content/Controls/ControlRig_Arrow2_3mm.uexp" 1288
"../../../Engine/Plugins/Animation/ControlRig/Content/Controls/ControlRig_Arrow2_solid.ubulk" 1289
"../../../Engine/Plugins/Animation/ControlRig/Content/Controls/ControlRig_Arrow2_solid.uasset" 1290
"../../../Engine/Plugins/Animation/ControlRig/Content/Controls/ControlRig_Arrow2_solid.uexp" 1291
"../../../Engine/Plugins/Animation/ControlRig/Content/Controls/ControlRig_Arrow4_1mm.ubulk" 1292
"../../../Engine/Plugins/Animation/ControlRig/Content/Controls/ControlRig_Arrow4_1mm.uasset" 1293
"../../../Engine/Plugins/Animation/ControlRig/Content/Controls/ControlRig_Arrow4_1mm.uexp" 1294
"../../../Engine/Plugins/Animation/ControlRig/Content/Controls/ControlRig_Arrow4_3mm.ubulk" 1295
"../../../Engine/Plugins/Animation/ControlRig/Content/Controls/ControlRig_Arrow4_3mm.uasset" 1296
"../../../Engine/Plugins/Animation/ControlRig/Content/Controls/ControlRig_Arrow4_3mm.uexp" 1297
"../../../Engine/Plugins/Animation/ControlRig/Content/Controls/ControlRig_Arrow4_solid.ubulk" 1298
"../../../Engine/Plugins/Animation/ControlRig/Content/Controls/ControlRig_Arrow4_solid.uasset" 1299
"../../../Engine/Plugins/Animation/ControlRig/Content/Controls/ControlRig_Arrow4_solid.uexp" 1300
"../../../Engine/Plugins/Animation/ControlRig/Content/Controls/ControlRig_Arrow_1mm.ubulk" 1301
"../../../Engine/Plugins/Animation/ControlRig/Content/Controls/ControlRig_Arrow_1mm.uasset" 1302
"../../../Engine/Plugins/Animation/ControlRig/Content/Controls/ControlRig_Arrow_1mm.uexp" 1303
"../../../Engine/Plugins/Animation/ControlRig/Content/Controls/ControlRig_Arrow_3mm.ubulk" 1304
"../../../Engine/Plugins/Animation/ControlRig/Content/Controls/ControlRig_Arrow_3mm.uasset" 1305
"../../../Engine/Plugins/Animation/ControlRig/Content/Controls/ControlRig_Arrow_3mm.uexp" 1306
"../../../Engine/Plugins/Animation/ControlRig/Content/Controls/ControlRig_Arrow_solid.ubulk" 1307
"../../../Engine/Plugins/Animation/ControlRig/Content/Controls/ControlRig_Arrow_solid.uasset" 1308
"../../../Engine/Plugins/Animation/ControlRig/Content/Controls/ControlRig_Arrow_solid.uexp" 1309
"../../../Engine/Plugins/Animation/ControlRig/Content/Controls/ControlRig_Box_1mm.ubulk" 1310
"../../../Engine/Plugins/Animation/ControlRig/Content/Controls/ControlRig_Box_1mm.uasset" 1311
"../../../Engine/Plugins/Animation/ControlRig/Content/Controls/ControlRig_Box_1mm.uexp" 1312
"../../../Engine/Plugins/Animation/ControlRig/Content/Controls/ControlRig_Box_3mm.ubulk" 1313
"../../../Engine/Plugins/Animation/ControlRig/Content/Controls/ControlRig_Box_3mm.uasset" 1314
"../../../Engine/Plugins/Animation/ControlRig/Content/Controls/ControlRig_Box_3mm.uexp" 1315
"../../../Engine/Plugins/Animation/ControlRig/Content/Controls/ControlRig_Box_solid.ubulk" 1316
"../../../Engine/Plugins/Animation/ControlRig/Content/Controls/ControlRig_Box_solid.uasset" 1317
"../../../Engine/Plugins/Animation/ControlRig/Content/Controls/ControlRig_Box_solid.uexp" 1318
"../../../Engine/Plugins/Animation/ControlRig/Content/Controls/ControlRig_Circle_1mm.ubulk" 1319
"../../../Engine/Plugins/Animation/ControlRig/Content/Controls/ControlRig_Circle_1mm.uasset" 1320
"../../../Engine/Plugins/Animation/ControlRig/Content/Controls/ControlRig_Circle_1mm.uexp" 1321
"../../../Engine/Plugins/Animation/ControlRig/Content/Controls/ControlRig_Circle_3mm.ubulk" 1322
"../../../Engine/Plugins/Animation/ControlRig/Content/Controls/ControlRig_Circle_3mm.uasset" 1323
"../../../Engine/Plugins/Animation/ControlRig/Content/Controls/ControlRig_Circle_3mm.uexp" 1324
"../../../Engine/Plugins/Animation/ControlRig/Content/Controls/ControlRig_Circle_solid.ubulk" 1325
"../../../Engine/Plugins/Animation/ControlRig/Content/Controls/ControlRig_Circle_solid.uasset" 1326
"../../../Engine/Plugins/Animation/ControlRig/Content/Controls/ControlRig_Circle_solid.uexp" 1327
"../../../Engine/Plugins/Animation/ControlRig/Content/Controls/ControlRig_Diamond_1mm.ubulk" 1328
"../../../Engine/Plugins/Animation/ControlRig/Content/Controls/ControlRig_Diamond_1mm.uasset" 1329
"../../../Engine/Plugins/Animation/ControlRig/Content/Controls/ControlRig_Diamond_1mm.uexp" 1330
"../../../Engine/Plugins/Animation/ControlRig/Content/Controls/ControlRig_Diamond_3mm.ubulk" 1331
"../../../Engine/Plugins/Animation/ControlRig/Content/Controls/ControlRig_Diamond_3mm.uasset" 1332
"../../../Engine/Plugins/Animation/ControlRig/Content/Controls/ControlRig_Diamond_3mm.uexp" 1333
"../../../Engine/Plugins/Animation/ControlRig/Content/Controls/ControlRig_Diamond_solid.ubulk" 1334
"../../../Engine/Plugins/Animation/ControlRig/Content/Controls/ControlRig_Diamond_solid.uasset" 1335
"../../../Engine/Plugins/Animation/ControlRig/Content/Controls/ControlRig_Diamond_solid.uexp" 1336
"../../../Engine/Plugins/Animation/ControlRig/Content/Controls/ControlRig_HalfCircle_1mm.ubulk" 1337
"../../../Engine/Plugins/Animation/ControlRig/Content/Controls/ControlRig_HalfCircle_1mm.uasset" 1338
"../../../Engine/Plugins/Animation/ControlRig/Content/Controls/ControlRig_HalfCircle_1mm.uexp" 1339
"../../../Engine/Plugins/Animation/ControlRig/Content/Controls/ControlRig_HalfCircle_3mm.ubulk" 1340
"../../../Engine/Plugins/Animation/ControlRig/Content/Controls/ControlRig_HalfCircle_3mm.uasset" 1341
"../../../Engine/Plugins/Animation/ControlRig/Content/Controls/ControlRig_HalfCircle_3mm.uexp" 1342
"../../../Engine/Plugins/Animation/ControlRig/Content/Controls/ControlRig_HalfCircle_solid.ubulk" 1343
"../../../Engine/Plugins/Animation/ControlRig/Content/Controls/ControlRig_HalfCircle_solid.uasset" 1344
"../../../Engine/Plugins/Animation/ControlRig/Content/Controls/ControlRig_HalfCircle_solid.uexp" 1345
"../../../Engine/Plugins/Animation/ControlRig/Content/Controls/ControlRig_Hexagon_1mm.ubulk" 1346
"../../../Engine/Plugins/Animation/ControlRig/Content/Controls/ControlRig_Hexagon_1mm.uasset" 1347
"../../../Engine/Plugins/Animation/ControlRig/Content/Controls/ControlRig_Hexagon_1mm.uexp" 1348
"../../../Engine/Plugins/Animation/ControlRig/Content/Controls/ControlRig_Hexagon_3mm.ubulk" 1349
"../../../Engine/Plugins/Animation/ControlRig/Content/Controls/ControlRig_Hexagon_3mm.uasset" 1350
"../../../Engine/Plugins/Animation/ControlRig/Content/Controls/ControlRig_Hexagon_3mm.uexp" 1351
"../../../Engine/Plugins/Animation/ControlRig/Content/Controls/ControlRig_Hexagon_solid.ubulk" 1352
"../../../Engine/Plugins/Animation/ControlRig/Content/Controls/ControlRig_Hexagon_solid.uasset" 1353
"../../../Engine/Plugins/Animation/ControlRig/Content/Controls/ControlRig_Hexagon_solid.uexp" 1354
"../../../Engine/Plugins/Animation/ControlRig/Content/Controls/ControlRig_Octagon_1mm.ubulk" 1355
"../../../Engine/Plugins/Animation/ControlRig/Content/Controls/ControlRig_Octagon_1mm.uasset" 1356
"../../../Engine/Plugins/Animation/ControlRig/Content/Controls/ControlRig_Octagon_1mm.uexp" 1357
"../../../Engine/Plugins/Animation/ControlRig/Content/Controls/ControlRig_Octagon_3mm.ubulk" 1358
"../../../Engine/Plugins/Animation/ControlRig/Content/Controls/ControlRig_Octagon_3mm.uasset" 1359
"../../../Engine/Plugins/Animation/ControlRig/Content/Controls/ControlRig_Octagon_3mm.uexp" 1360
"../../../Engine/Plugins/Animation/ControlRig/Content/Controls/ControlRig_Octagon_solid.ubulk" 1361
"../../../Engine/Plugins/Animation/ControlRig/Content/Controls/ControlRig_Octagon_solid.uasset" 1362
"../../../Engine/Plugins/Animation/ControlRig/Content/Controls/ControlRig_Octagon_solid.uexp" 1363
"../../../Engine/Plugins/Animation/ControlRig/Content/Controls/ControlRig_Pyramid_1mm.ubulk" 1364
"../../../Engine/Plugins/Animation/ControlRig/Content/Controls/ControlRig_Pyramid_1mm.uasset" 1365
"../../../Engine/Plugins/Animation/ControlRig/Content/Controls/ControlRig_Pyramid_1mm.uexp" 1366
"../../../Engine/Plugins/Animation/ControlRig/Content/Controls/ControlRig_Pyramid_3mm.ubulk" 1367
"../../../Engine/Plugins/Animation/ControlRig/Content/Controls/ControlRig_Pyramid_3mm.uasset" 1368
"../../../Engine/Plugins/Animation/ControlRig/Content/Controls/ControlRig_Pyramid_3mm.uexp" 1369
"../../../Engine/Plugins/Animation/ControlRig/Content/Controls/ControlRig_Pyramid_solid.ubulk" 1370
"../../../Engine/Plugins/Animation/ControlRig/Content/Controls/ControlRig_Pyramid_solid.uasset" 1371
"../../../Engine/Plugins/Animation/ControlRig/Content/Controls/ControlRig_Pyramid_solid.uexp" 1372
"../../../Engine/Plugins/Animation/ControlRig/Content/Controls/ControlRig_QuarterCircle_1mm.ubulk" 1373
"../../../Engine/Plugins/Animation/ControlRig/Content/Controls/ControlRig_QuarterCircle_1mm.uasset" 1374
"../../../Engine/Plugins/Animation/ControlRig/Content/Controls/ControlRig_QuarterCircle_1mm.uexp" 1375
"../../../Engine/Plugins/Animation/ControlRig/Content/Controls/ControlRig_QuarterCircle_3mm.ubulk" 1376
"../../../Engine/Plugins/Animation/ControlRig/Content/Controls/ControlRig_QuarterCircle_3mm.uasset" 1377
"../../../Engine/Plugins/Animation/ControlRig/Content/Controls/ControlRig_QuarterCircle_3mm.uexp" 1378
"../../../Engine/Plugins/Animation/ControlRig/Content/Controls/ControlRig_QuarterCircle_solid.ubulk" 1379
"../../../Engine/Plugins/Animation/ControlRig/Content/Controls/ControlRig_QuarterCircle_solid.uasset" 1380
"../../../Engine/Plugins/Animation/ControlRig/Content/Controls/ControlRig_QuarterCircle_solid.uexp" 1381
"../../../Engine/Plugins/Animation/ControlRig/Content/Controls/ControlRig_RoundedSquare_1mm.ubulk" 1382
"../../../Engine/Plugins/Animation/ControlRig/Content/Controls/ControlRig_RoundedSquare_1mm.uasset" 1383
"../../../Engine/Plugins/Animation/ControlRig/Content/Controls/ControlRig_RoundedSquare_1mm.uexp" 1384
"../../../Engine/Plugins/Animation/ControlRig/Content/Controls/ControlRig_RoundedSquare_3mm.ubulk" 1385
"../../../Engine/Plugins/Animation/ControlRig/Content/Controls/ControlRig_RoundedSquare_3mm.uasset" 1386
"../../../Engine/Plugins/Animation/ControlRig/Content/Controls/ControlRig_RoundedSquare_3mm.uexp" 1387
"../../../Engine/Plugins/Animation/ControlRig/Content/Controls/ControlRig_RoundedSquare_solid.ubulk" 1388
"../../../Engine/Plugins/Animation/ControlRig/Content/Controls/ControlRig_RoundedSquare_solid.uasset" 1389
"../../../Engine/Plugins/Animation/ControlRig/Content/Controls/ControlRig_RoundedSquare_solid.uexp" 1390
"../../../Engine/Plugins/Animation/ControlRig/Content/Controls/ControlRig_RoundedTriangle_1mm.ubulk" 1391
"../../../Engine/Plugins/Animation/ControlRig/Content/Controls/ControlRig_RoundedTriangle_1mm.uasset" 1392
"../../../Engine/Plugins/Animation/ControlRig/Content/Controls/ControlRig_RoundedTriangle_1mm.uexp" 1393
"../../../Engine/Plugins/Animation/ControlRig/Content/Controls/ControlRig_RoundedTriangle_3mm.ubulk" 1394
"../../../Engine/Plugins/Animation/ControlRig/Content/Controls/ControlRig_RoundedTriangle_3mm.uasset" 1395
"../../../Engine/Plugins/Animation/ControlRig/Content/Controls/ControlRig_RoundedTriangle_3mm.uexp" 1396
"../../../Engine/Plugins/Animation/ControlRig/Content/Controls/ControlRig_RoundedTriangle_solid.ubulk" 1397
"../../../Engine/Plugins/Animation/ControlRig/Content/Controls/ControlRig_RoundedTriangle_solid.uasset" 1398
"../../../Engine/Plugins/Animation/ControlRig/Content/Controls/ControlRig_RoundedTriangle_solid.uexp" 1399
"../../../Engine/Plugins/Animation/ControlRig/Content/Controls/ControlRig_Sphere_1mm.ubulk" 1400
"../../../Engine/Plugins/Animation/ControlRig/Content/Controls/ControlRig_Sphere_1mm.uasset" 1401
"../../../Engine/Plugins/Animation/ControlRig/Content/Controls/ControlRig_Sphere_1mm.uexp" 1402
"../../../Engine/Plugins/Animation/ControlRig/Content/Controls/ControlRig_Sphere_3mm.ubulk" 1403
"../../../Engine/Plugins/Animation/ControlRig/Content/Controls/ControlRig_Sphere_3mm.uasset" 1404
"../../../Engine/Plugins/Animation/ControlRig/Content/Controls/ControlRig_Sphere_3mm.uexp" 1405
"../../../Engine/Plugins/Animation/ControlRig/Content/Controls/ControlRig_Sphere_solid.ubulk" 1406
"../../../Engine/Plugins/Animation/ControlRig/Content/Controls/ControlRig_Sphere_solid.uasset" 1407
"../../../Engine/Plugins/Animation/ControlRig/Content/Controls/ControlRig_Sphere_solid.uexp" 1408
"../../../Engine/Plugins/Animation/ControlRig/Content/Controls/ControlRig_Square_1mm.ubulk" 1409
"../../../Engine/Plugins/Animation/ControlRig/Content/Controls/ControlRig_Square_1mm.uasset" 1410
"../../../Engine/Plugins/Animation/ControlRig/Content/Controls/ControlRig_Square_1mm.uexp" 1411
"../../../Engine/Plugins/Animation/ControlRig/Content/Controls/ControlRig_Square_3mm.ubulk" 1412
"../../../Engine/Plugins/Animation/ControlRig/Content/Controls/ControlRig_Square_3mm.uasset" 1413
"../../../Engine/Plugins/Animation/ControlRig/Content/Controls/ControlRig_Square_3mm.uexp" 1414
"../../../Engine/Plugins/Animation/ControlRig/Content/Controls/ControlRig_Square_solid.ubulk" 1415
"../../../Engine/Plugins/Animation/ControlRig/Content/Controls/ControlRig_Square_solid.uasset" 1416
"../../../Engine/Plugins/Animation/ControlRig/Content/Controls/ControlRig_Square_solid.uexp" 1417
"../../../Engine/Plugins/Animation/ControlRig/Content/Controls/ControlRig_Star4_1mm.ubulk" 1418
"../../../Engine/Plugins/Animation/ControlRig/Content/Controls/ControlRig_Star4_1mm.uasset" 1419
"../../../Engine/Plugins/Animation/ControlRig/Content/Controls/ControlRig_Star4_1mm.uexp" 1420
"../../../Engine/Plugins/Animation/ControlRig/Content/Controls/ControlRig_Star4_3mm.ubulk" 1421
"../../../Engine/Plugins/Animation/ControlRig/Content/Controls/ControlRig_Star4_3mm.uasset" 1422
"../../../Engine/Plugins/Animation/ControlRig/Content/Controls/ControlRig_Star4_3mm.uexp" 1423
"../../../Engine/Plugins/Animation/ControlRig/Content/Controls/ControlRig_Star4_solid.ubulk" 1424
"../../../Engine/Plugins/Animation/ControlRig/Content/Controls/ControlRig_Star4_solid.uasset" 1425
"../../../Engine/Plugins/Animation/ControlRig/Content/Controls/ControlRig_Star4_solid.uexp" 1426
"../../../Engine/Plugins/Animation/ControlRig/Content/Controls/ControlRig_Triangle_1mm.ubulk" 1427
"../../../Engine/Plugins/Animation/ControlRig/Content/Controls/ControlRig_Triangle_1mm.uasset" 1428
"../../../Engine/Plugins/Animation/ControlRig/Content/Controls/ControlRig_Triangle_1mm.uexp" 1429
"../../../Engine/Plugins/Animation/ControlRig/Content/Controls/ControlRig_Triangle_3mm.ubulk" 1430
"../../../Engine/Plugins/Animation/ControlRig/Content/Controls/ControlRig_Triangle_3mm.uasset" 1431
"../../../Engine/Plugins/Animation/ControlRig/Content/Controls/ControlRig_Triangle_3mm.uexp" 1432
"../../../Engine/Plugins/Animation/ControlRig/Content/Controls/ControlRig_Triangle_solid.ubulk" 1433
"../../../Engine/Plugins/Animation/ControlRig/Content/Controls/ControlRig_Triangle_solid.uasset" 1434
"../../../Engine/Plugins/Animation/ControlRig/Content/Controls/ControlRig_Triangle_solid.uexp" 1435
"../../../Engine/Plugins/Animation/ControlRig/Content/Controls/ControlRig_Wedge_1mm.ubulk" 1436
"../../../Engine/Plugins/Animation/ControlRig/Content/Controls/ControlRig_Wedge_1mm.uasset" 1437
"../../../Engine/Plugins/Animation/ControlRig/Content/Controls/ControlRig_Wedge_1mm.uexp" 1438
"../../../Engine/Plugins/Animation/ControlRig/Content/Controls/ControlRig_Wedge_3mm.ubulk" 1439
"../../../Engine/Plugins/Animation/ControlRig/Content/Controls/ControlRig_Wedge_3mm.uasset" 1440
"../../../Engine/Plugins/Animation/ControlRig/Content/Controls/ControlRig_Wedge_3mm.uexp" 1441
"../../../Engine/Plugins/Animation/ControlRig/Content/Controls/ControlRig_Wedge_solid.ubulk" 1442
"../../../Engine/Plugins/Animation/ControlRig/Content/Controls/ControlRig_Wedge_solid.uasset" 1443
"../../../Engine/Plugins/Animation/ControlRig/Content/Controls/ControlRig_Wedge_solid.uexp" 1444
"../../../Engine/Plugins/Media/MediaPlate/Content/SM_MediaPlateScreen.ubulk" 1445
"../../../Engine/Plugins/Media/MediaPlate/Content/SM_MediaPlateScreen.uasset" 1446
"../../../Engine/Plugins/Media/MediaPlate/Content/SM_MediaPlateScreen.uexp" 1447
"../../../Engine/Plugins/NNE/NNEDenoiser/Content/NNEDIM_ColorAlbedoNormal_Alpha.uasset" 1448
"../../../Engine/Plugins/NNE/NNEDenoiser/Content/NNEDIM_ColorAlbedoNormal_Alpha.uexp" 1449
"../../../Engine/Plugins/NNE/NNEDenoiser/Content/NNEDIM_ColorAlbedoNormal_Default.uasset" 1450
"../../../Engine/Plugins/NNE/NNEDenoiser/Content/NNEDIM_ColorAlbedoNormal_Default.uexp" 1451
"../../../Engine/Plugins/NNE/NNEDenoiser/Content/NNEDIM_HighQuality_Alpha.uasset" 1452
"../../../Engine/Plugins/NNE/NNEDenoiser/Content/NNEDIM_HighQuality_Alpha.uexp" 1453
"../../../Engine/Plugins/NNE/NNEDenoiser/Content/NNEDIM_HighQuality_Default.uasset" 1454
"../../../Engine/Plugins/NNE/NNEDenoiser/Content/NNEDIM_HighQuality_Default.uexp" 1455
"../../../Engine/Plugins/NNE/NNEDenoiser/Content/NNEDOM_Output_Alpha.uasset" 1456
"../../../Engine/Plugins/NNE/NNEDenoiser/Content/NNEDOM_Output_Alpha.uexp" 1457
"../../../Engine/Plugins/NNE/NNEDenoiser/Content/NNEDOM_Output_Default.uasset" 1458
"../../../Engine/Plugins/NNE/NNEDenoiser/Content/NNEDOM_Output_Default.uexp" 1459
"../../../Engine/Plugins/NNE/NNEDenoiser/Content/NNEDTIM_ColorAlbedoNormal_Alpha.uasset" 1460
"../../../Engine/Plugins/NNE/NNEDenoiser/Content/NNEDTIM_ColorAlbedoNormal_Alpha.uexp" 1461
"../../../Engine/Plugins/NNE/NNEDenoiser/Content/NNEDTIM_ColorAlbedoNormal_Default.uasset" 1462
"../../../Engine/Plugins/NNE/NNEDenoiser/Content/NNEDTIM_ColorAlbedoNormal_Default.uexp" 1463
"../../../Engine/Plugins/NNE/NNEDenoiser/Content/NNEDTOM_Output_Alpha.uasset" 1464
"../../../Engine/Plugins/NNE/NNEDenoiser/Content/NNEDTOM_Output_Alpha.uexp" 1465
"../../../Engine/Plugins/NNE/NNEDenoiser/Content/NNEDTOM_Output_Default.uasset" 1466
"../../../Engine/Plugins/NNE/NNEDenoiser/Content/NNEDTOM_Output_Default.uexp" 1467
"../../../Engine/Plugins/Runtime/AR/AppleAR/AppleARKit/Content/M_OcclusionOverlay.uasset" 1468
"../../../Engine/Plugins/Runtime/AR/AppleAR/AppleARKit/Content/M_OcclusionOverlay.uexp" 1469
"../../../Engine/Plugins/Runtime/AR/AppleAR/AppleARKit/Content/MI_DepthOcclusionOverlay.uasset" 1470
"../../../Engine/Plugins/Runtime/AR/AppleAR/AppleARKit/Content/MI_DepthOcclusionOverlay.uexp" 1471
"../../../Engine/Plugins/Runtime/AR/AppleAR/AppleARKit/Content/MI_MatteOcclusionOverlay.uasset" 1472
"../../../Engine/Plugins/Runtime/AR/AppleAR/AppleARKit/Content/MI_MatteOcclusionOverlay.uexp" 1473
"../../../Engine/Plugins/Runtime/AR/ARUtilities/Content/Materials/M_ScreenSpacePassthroughCamera.uasset" 1474
"../../../Engine/Plugins/Runtime/AR/ARUtilities/Content/Materials/M_ScreenSpacePassthroughCamera.uexp" 1475
"../../../Engine/Plugins/Runtime/AR/ARUtilities/Content/Materials/MI_ScreenSpacePassthroughCameraExternalTexture.uasset" 1476
"../../../Engine/Plugins/Runtime/AR/ARUtilities/Content/Materials/MI_ScreenSpacePassthroughCameraExternalTexture.uexp" 1477
"../../../Engine/Content/Functions/Engine_MaterialFunctions02/Texturing/CustomRotator.uasset" 1478
"../../../Engine/Content/Functions/Engine_MaterialFunctions02/Texturing/CustomRotator.uexp" 1479
"../../../Engine/Content/Functions/Engine_MaterialFunctions01/Gradient/GeneratedRoundRect.uasset" 1480
"../../../Engine/Content/Functions/Engine_MaterialFunctions01/Gradient/GeneratedRoundRect.uexp" 1481
"../../../Engine/Content/Functions/Engine_MaterialFunctions01/Gradient/SphereGradient-2D.uasset" 1482
"../../../Engine/Content/Functions/Engine_MaterialFunctions01/Gradient/SphereGradient-2D.uexp" 1483
"../../../Engine/Plugins/Runtime/AudioWidgets/Content/AudioMaterialSlate/Functions/MF_DotOutlined.uasset" 1484
"../../../Engine/Plugins/Runtime/AudioWidgets/Content/AudioMaterialSlate/Functions/MF_DotOutlined.uexp" 1485
"../../../Engine/Plugins/Runtime/AudioWidgets/Content/AudioMaterialSlate/M_AudioMaterialEnvelope_ADSR.uasset" 1486
"../../../Engine/Plugins/Runtime/AudioWidgets/Content/AudioMaterialSlate/M_AudioMaterialEnvelope_ADSR.uexp" 1487
"../../../Engine/Plugins/Runtime/AudioWidgets/Content/AudioMaterialSlate/MI_AudioMaterialEnvelope_ADSR.uasset" 1488
"../../../Engine/Plugins/Runtime/AudioWidgets/Content/AudioMaterialSlate/MI_AudioMaterialEnvelope_ADSR.uexp" 1489
"../../../Engine/Plugins/Runtime/AudioWidgets/Content/AudioMaterialSlate/Functions/MF_SingleLine_Smooth.uasset" 1490
"../../../Engine/Plugins/Runtime/AudioWidgets/Content/AudioMaterialSlate/Functions/MF_SingleLine_Smooth.uexp" 1491
"../../../Engine/Plugins/Runtime/AudioWidgets/Content/AudioMaterialSlate/Functions/MF_AngleGradient.uasset" 1492
"../../../Engine/Plugins/Runtime/AudioWidgets/Content/AudioMaterialSlate/Functions/MF_AngleGradient.uexp" 1493
"../../../Engine/Content/Functions/Engine_MaterialFunctions02/Lerp_3Color.uasset" 1494
"../../../Engine/Content/Functions/Engine_MaterialFunctions02/Lerp_3Color.uexp" 1495
"../../../Engine/Plugins/Runtime/AudioWidgets/Content/AudioMaterialSlate/M_AudioMaterialKnob.uasset" 1496
"../../../Engine/Plugins/Runtime/AudioWidgets/Content/AudioMaterialSlate/M_AudioMaterialKnob.uexp" 1497
"../../../Engine/Plugins/Runtime/AudioWidgets/Content/AudioMaterialSlate/MI_AudioMaterialKnob.uasset" 1498
"../../../Engine/Plugins/Runtime/AudioWidgets/Content/AudioMaterialSlate/MI_AudioMaterialKnob.uexp" 1499
"../../../Engine/Plugins/Runtime/AudioWidgets/Content/AudioMaterialSlate/Functions/MF_Lines.uasset" 1500
"../../../Engine/Plugins/Runtime/AudioWidgets/Content/AudioMaterialSlate/Functions/MF_Lines.uexp" 1501
"../../../Engine/Plugins/Runtime/AudioWidgets/Content/AudioMaterialSlate/M_AudioMaterialMeter.uasset" 1502
"../../../Engine/Plugins/Runtime/AudioWidgets/Content/AudioMaterialSlate/M_AudioMaterialMeter.uexp" 1503
"../../../Engine/Plugins/Runtime/AudioWidgets/Content/AudioMaterialSlate/MI_AudioMaterialMeter.uasset" 1504
"../../../Engine/Plugins/Runtime/AudioWidgets/Content/AudioMaterialSlate/MI_AudioMaterialMeter.uexp" 1505
"../../../Engine/Plugins/Runtime/AudioWidgets/Content/AudioMaterialSlate/M_AudioMaterialRoundedSlider.uasset" 1506
"../../../Engine/Plugins/Runtime/AudioWidgets/Content/AudioMaterialSlate/M_AudioMaterialRoundedSlider.uexp" 1507
"../../../Engine/Plugins/Runtime/AudioWidgets/Content/AudioMaterialSlate/MI_AudioMaterialRoundedSlider.uasset" 1508
"../../../Engine/Plugins/Runtime/AudioWidgets/Content/AudioMaterialSlate/MI_AudioMaterialRoundedSlider.uexp" 1509
"../../../Engine/Plugins/Runtime/AudioWidgets/Content/AudioMaterialSlate/Functions/MF_SingleLine.uasset" 1510
"../../../Engine/Plugins/Runtime/AudioWidgets/Content/AudioMaterialSlate/Functions/MF_SingleLine.uexp" 1511
"../../../Engine/Plugins/Runtime/AudioWidgets/Content/AudioMaterialSlate/M_AudioMaterialToggleButton.uasset" 1512
"../../../Engine/Plugins/Runtime/AudioWidgets/Content/AudioMaterialSlate/M_AudioMaterialToggleButton.uexp" 1513
"../../../Engine/Plugins/Runtime/AudioWidgets/Content/AudioMaterialSlate/MI_AudioMaterialToggleButton.uasset" 1514
"../../../Engine/Plugins/Runtime/AudioWidgets/Content/AudioMaterialSlate/MI_AudioMaterialToggleButton.uexp" 1515
"../../../Engine/Content/EngineResources/LandscapeVisibilityLayerInfo.uasset" 1516
"../../../Engine/Content/EngineResources/LandscapeVisibilityLayerInfo.uexp" 1517
"../../../Engine/Content/VREditor/TransformGizmo/StartRotationHandleIndicator.ubulk" 1518
"../../../Engine/Content/VREditor/TransformGizmo/StartRotationHandleIndicator.uasset" 1519
"../../../Engine/Content/VREditor/TransformGizmo/StartRotationHandleIndicator.uexp" 1520
"../../../Engine/Content/VREditor/Sounds/UI/Drop_Item_From_ContentBrowser.ubulk" 1521
"../../../Engine/Content/VREditor/Sounds/UI/Drop_Item_From_ContentBrowser.uasset" 1522
"../../../Engine/Content/VREditor/Sounds/UI/Drop_Item_From_ContentBrowser.uexp" 1523
"../../../Engine/Content/VREditor/TransformGizmo/PlaneTranslationHandle.ubulk" 1524
"../../../Engine/Content/VREditor/TransformGizmo/PlaneTranslationHandle.uasset" 1525
"../../../Engine/Content/VREditor/TransformGizmo/PlaneTranslationHandle.uexp" 1526
"../../../Engine/Content/VREditor/Sounds/UI/Object_Snaps_To_Grid.ubulk" 1527
"../../../Engine/Content/VREditor/Sounds/UI/Object_Snaps_To_Grid.uasset" 1528
"../../../Engine/Content/VREditor/Sounds/UI/Object_Snaps_To_Grid.uexp" 1529
"../../../Engine/Content/VREditor/Sounds/UI/Selection_Changes.ubulk" 1530
"../../../Engine/Content/VREditor/Sounds/UI/Selection_Changes.uasset" 1531
"../../../Engine/Content/VREditor/Sounds/UI/Selection_Changes.uexp" 1532
"../../../Engine/Content/VREditor/Sounds/UI/Object_Snaps_To_Another_Actor.ubulk" 1533
"../../../Engine/Content/VREditor/Sounds/UI/Object_Snaps_To_Another_Actor.uasset" 1534
"../../../Engine/Content/VREditor/Sounds/UI/Object_Snaps_To_Another_Actor.uexp" 1535
"../../../Engine/Content/VREditor/TransformGizmo/TranslucentTransformGizmoMaterial_Inst.uasset" 1536
"../../../Engine/Content/VREditor/TransformGizmo/TranslucentTransformGizmoMaterial_Inst.uexp" 1537
"../../../Engine/Content/VREditor/TransformGizmo/TransformGizmoFreeRotation.ubulk" 1538
"../../../Engine/Content/VREditor/TransformGizmo/TransformGizmoFreeRotation.uasset" 1539
"../../../Engine/Content/VREditor/TransformGizmo/TransformGizmoFreeRotation.uexp" 1540
"../../../Engine/Content/VREditor/Sounds/UI/Scaling_Down.ubulk" 1541
"../../../Engine/Content/VREditor/Sounds/UI/Scaling_Down.uasset" 1542
"../../../Engine/Content/VREditor/Sounds/UI/Scaling_Down.uexp" 1543
"../../../Engine/Content/Functions/Engine_MaterialFunctions02/SplitComponents.uasset" 1544
"../../../Engine/Content/Functions/Engine_MaterialFunctions02/SplitComponents.uexp" 1545
"../../../Engine/Content/VREditor/SnapGrid/SnapGridMaterial.uasset" 1546
"../../../Engine/Content/VREditor/SnapGrid/SnapGridMaterial.uexp" 1547
"../../../Engine/Content/VREditor/SnapGrid/SnapGridPlaneMesh.ubulk" 1548
"../../../Engine/Content/VREditor/SnapGrid/SnapGridPlaneMesh.uasset" 1549
"../../../Engine/Content/VREditor/SnapGrid/SnapGridPlaneMesh.uexp" 1550
"../../../Engine/Content/VREditor/Sounds/UI/Scaling_Up.ubulk" 1551
"../../../Engine/Content/VREditor/Sounds/UI/Scaling_Up.uasset" 1552
"../../../Engine/Content/VREditor/Sounds/UI/Scaling_Up.uexp" 1553
"../../../Engine/Content/VREditor/TransformGizmo/TransformGizmoMaterial_Inst.uasset" 1554
"../../../Engine/Content/VREditor/TransformGizmo/TransformGizmoMaterial_Inst.uexp" 1555
"../../../Engine/Content/VREditor/Sounds/UI/Gizmo_Handle_Clicked.ubulk" 1556
"../../../Engine/Content/VREditor/Sounds/UI/Gizmo_Handle_Clicked.uasset" 1557
"../../../Engine/Content/VREditor/Sounds/UI/Gizmo_Handle_Clicked.uexp" 1558
"../../../Engine/Content/VREditor/TransformGizmo/RotationHandleQuarter.ubulk" 1559
"../../../Engine/Content/VREditor/TransformGizmo/RotationHandleQuarter.uasset" 1560
"../../../Engine/Content/VREditor/TransformGizmo/RotationHandleQuarter.uexp" 1561
"../../../Engine/Content/VREditor/TransformGizmo/TranslateArrowHandle.ubulk" 1562
"../../../Engine/Content/VREditor/TransformGizmo/TranslateArrowHandle.uasset" 1563
"../../../Engine/Content/VREditor/TransformGizmo/TranslateArrowHandle.uexp" 1564
"../../../Engine/Content/VREditor/TransformGizmo/RotationHandleIndicator.ubulk" 1565
"../../../Engine/Content/VREditor/TransformGizmo/RotationHandleIndicator.uasset" 1566
"../../../Engine/Content/VREditor/TransformGizmo/RotationHandleIndicator.uexp" 1567
"../../../Engine/Content/VREditor/TransformGizmo/UniformScaleHandle.ubulk" 1568
"../../../Engine/Content/VREditor/TransformGizmo/UniformScaleHandle.uasset" 1569
"../../../Engine/Content/VREditor/TransformGizmo/UniformScaleHandle.uexp" 1570
"../../../Engine/Content/VREditor/TransformGizmo/RotationHandleFull.ubulk" 1571
"../../../Engine/Content/VREditor/TransformGizmo/RotationHandleFull.uasset" 1572
"../../../Engine/Content/VREditor/TransformGizmo/RotationHandleFull.uexp" 1573
"../../../Engine/Content/VREditor/Sounds/UI/Object_PickUp.ubulk" 1574
"../../../Engine/Content/VREditor/Sounds/UI/Object_PickUp.uasset" 1575
"../../../Engine/Content/VREditor/Sounds/UI/Object_PickUp.uexp" 1576
"../../../Engine/Plugins/Animation/DeformerGraph/Content/DeformerFunctions/DG_Function_ComputeNormalsTangents.uasset" 1577
"../../../Engine/Plugins/Animation/DeformerGraph/Content/DeformerFunctions/DG_Function_ComputeNormalsTangents.uexp" 1578
"../../../Engine/Plugins/Animation/DeformerGraph/Content/DeformerFunctions/DG_Function_LinearBlendSkin_Morph_Cloth.uasset" 1579
"../../../Engine/Plugins/Animation/DeformerGraph/Content/DeformerFunctions/DG_Function_LinearBlendSkin_Morph_Cloth.uexp" 1580
"../../../Engine/Plugins/Animation/DeformerGraph/Content/DeformerFunctions/DG_Function_LinearBlendSkin_Morph_Cloth_PositionOnly.uasset" 1581
"../../../Engine/Plugins/Animation/DeformerGraph/Content/DeformerFunctions/DG_Function_LinearBlendSkin_Morph_Cloth_PositionOnly.uexp" 1582
"../../../Engine/Plugins/Animation/DeformerGraph/Content/Deformers/DG_LinearBlendSkin_Morph_Cloth.uasset" 1583
"../../../Engine/Plugins/Animation/DeformerGraph/Content/Deformers/DG_LinearBlendSkin_Morph_Cloth.uexp" 1584
"../../../Engine/Plugins/Animation/DeformerGraph/Content/Deformers/DG_LinearBlendSkin_Morph_Cloth_RecomputeNormals.uasset" 1585
"../../../Engine/Plugins/Animation/DeformerGraph/Content/Deformers/DG_LinearBlendSkin_Morph_Cloth_RecomputeNormals.uexp" 1586
"../../../Engine/Plugins/NNE/NNEDenoiser/Content/NNEDT_Oidn2-3_Balanced.uasset" 1587
"../../../Engine/Plugins/NNE/NNEDenoiser/Content/NNEDT_Oidn2-3_Balanced.uexp" 1588
"../../../Engine/Plugins/NNE/NNEDenoiser/Content/NNEDT_Oidn2-3_Balanced_Alpha.uasset" 1589
"../../../Engine/Plugins/NNE/NNEDenoiser/Content/NNEDT_Oidn2-3_Balanced_Alpha.uexp" 1590
"../../../Engine/Plugins/NNE/NNEDenoiser/Content/NNED_Oidn2-3_Balanced.uasset" 1591
"../../../Engine/Plugins/NNE/NNEDenoiser/Content/NNED_Oidn2-3_Balanced.uexp" 1592
"../../../Engine/Plugins/NNE/NNEDenoiser/Content/NNED_Oidn2-3_Balanced_Alpha.uasset" 1593
"../../../Engine/Plugins/NNE/NNEDenoiser/Content/NNED_Oidn2-3_Balanced_Alpha.uexp" 1594
"../../../Engine/Plugins/NNE/NNEDenoiser/Content/NNED_Oidn2-3_Fast.uasset" 1595
"../../../Engine/Plugins/NNE/NNEDenoiser/Content/NNED_Oidn2-3_Fast.uexp" 1596
"../../../Engine/Plugins/NNE/NNEDenoiser/Content/NNED_Oidn2-3_Fast_Alpha.uasset" 1597
"../../../Engine/Plugins/NNE/NNEDenoiser/Content/NNED_Oidn2-3_Fast_Alpha.uexp" 1598
"../../../Engine/Plugins/NNE/NNEDenoiser/Content/NNED_Oidn2-3_HighQuality.uasset" 1599
"../../../Engine/Plugins/NNE/NNEDenoiser/Content/NNED_Oidn2-3_HighQuality.uexp" 1600
"../../../Engine/Plugins/NNE/NNEDenoiser/Content/NNED_Oidn2-3_HighQuality_Alpha.uasset" 1601
"../../../Engine/Plugins/NNE/NNEDenoiser/Content/NNED_Oidn2-3_HighQuality_Alpha.uexp" 1602
"../../../Engine/Plugins/NNE/NNEDenoiser/Content/NNE_oidn2-3-0_rt_hdr_alb_nrm_small__dyn__fp16_opset11_DenoiseAlpha.uasset" 1603
"../../../Engine/Plugins/NNE/NNEDenoiser/Content/NNE_oidn2-3-0_rt_hdr_alb_nrm_small__dyn__fp16_opset11_DenoiseAlpha.uexp" 1604
"../../../Engine/Plugins/NNE/NNEDenoiser/Content/NNE_oidn2-3-0_rt_hdr_alb_nrm_small__dyn__fp16_opset11_ForwardAlpha.uasset" 1605
"../../../Engine/Plugins/NNE/NNEDenoiser/Content/NNE_oidn2-3-0_rt_hdr_alb_nrm_small__dyn__fp16_opset11_ForwardAlpha.uexp" 1606
"../../../Engine/Plugins/NNE/NNEDenoiser/Content/NNE_oidn2-3-0_rt_hdr_alb_nrm__dyn__fp16_opset11_DenoiseAlpha.uasset" 1607
"../../../Engine/Plugins/NNE/NNEDenoiser/Content/NNE_oidn2-3-0_rt_hdr_alb_nrm__dyn__fp16_opset11_DenoiseAlpha.uexp" 1608
"../../../Engine/Plugins/NNE/NNEDenoiser/Content/NNE_oidn2-3-0_rt_hdr_alb_nrm__dyn__fp16_opset11_ForwardAlpha.uasset" 1609
"../../../Engine/Plugins/NNE/NNEDenoiser/Content/NNE_oidn2-3-0_rt_hdr_alb_nrm__dyn__fp16_opset11_ForwardAlpha.uexp" 1610
"../../../Engine/Plugins/NNE/NNEDenoiser/Content/NNE_oidn2-3-0_rt_hdr_calb_cnrm_large__dyn__fp16_opset11_DenoiseAlpha.uasset" 1611
"../../../Engine/Plugins/NNE/NNEDenoiser/Content/NNE_oidn2-3-0_rt_hdr_calb_cnrm_large__dyn__fp16_opset11_DenoiseAlpha.uexp" 1612
"../../../Engine/Plugins/NNE/NNEDenoiser/Content/NNE_oidn2-3-0_rt_hdr_calb_cnrm_large__dyn__fp16_opset11_ForwardAlpha.uasset" 1613
"../../../Engine/Plugins/NNE/NNEDenoiser/Content/NNE_oidn2-3-0_rt_hdr_calb_cnrm_large__dyn__fp16_opset11_ForwardAlpha.uexp" 1614
"C:/Users/B00645723/Documents/GitHub/DethGrip-Parkour-Game/Deth_Grip_2.0_Parkour/DethGrip/Content/Template_Characters/Third_Person/Mannequins/Textures/Shared/T_UE_Logo_M.uasset" 1615
"C:/Users/B00645723/Documents/GitHub/DethGrip-Parkour-Game/Deth_Grip_2.0_Parkour/DethGrip/Content/Template_Characters/Third_Person/Mannequins/Textures/Shared/T_UE_Logo_M.uexp" 1616
"C:/Users/B00645723/Documents/GitHub/DethGrip-Parkour-Game/Deth_Grip_2.0_Parkour/DethGrip/Content/FirstPerson_Main/UI/UI_Main_Menu.uasset" 1617
"C:/Users/B00645723/Documents/GitHub/DethGrip-Parkour-Game/Deth_Grip_2.0_Parkour/DethGrip/Content/FirstPerson_Main/UI/UI_Main_Menu.uexp" 1618
"C:/Users/B00645723/Documents/GitHub/DethGrip-Parkour-Game/Deth_Grip_2.0_Parkour/DethGrip/Content/FirstPerson_Main/UI/UI_Menu_GameMode.uasset" 1619
"C:/Users/B00645723/Documents/GitHub/DethGrip-Parkour-Game/Deth_Grip_2.0_Parkour/DethGrip/Content/FirstPerson_Main/UI/UI_Menu_GameMode.uexp" 1620
"C:/Users/B00645723/Documents/GitHub/DethGrip-Parkour-Game/Deth_Grip_2.0_Parkour/DethGrip/Content/FirstPerson_Main/Maps/DethGrip_MainMenu_Map.uexp" 1621
"C:/Users/B00645723/Documents/GitHub/DethGrip-Parkour-Game/Deth_Grip_2.0_Parkour/DethGrip/Content/FirstPerson_Main/Maps/DethGrip_MainMenu_Map.umap" 1622
"C:/Users/B00645723/Documents/GitHub/DethGrip-Parkour-Game/Deth_Grip_2.0_Parkour/DethGrip/Content/FirstPerson_Main/Input/Actions/IA_Select_Weapon_3.uasset" 1623
"C:/Users/B00645723/Documents/GitHub/DethGrip-Parkour-Game/Deth_Grip_2.0_Parkour/DethGrip/Content/FirstPerson_Main/Input/Actions/IA_Select_Weapon_3.uexp" 1624
"C:/Users/B00645723/Documents/GitHub/DethGrip-Parkour-Game/Deth_Grip_2.0_Parkour/DethGrip/Content/FirstPerson_Main/Input/Actions/IA_Scroll.uasset" 1625
"C:/Users/B00645723/Documents/GitHub/DethGrip-Parkour-Game/Deth_Grip_2.0_Parkour/DethGrip/Content/FirstPerson_Main/Input/Actions/IA_Scroll.uexp" 1626
"C:/Users/B00645723/Documents/GitHub/DethGrip-Parkour-Game/Deth_Grip_2.0_Parkour/DethGrip/Content/FirstPerson_Main/Input/IMC_Player_Character.uasset" 1627
"C:/Users/B00645723/Documents/GitHub/DethGrip-Parkour-Game/Deth_Grip_2.0_Parkour/DethGrip/Content/FirstPerson_Main/Input/IMC_Player_Character.uexp" 1628
"C:/Users/B00645723/Documents/GitHub/DethGrip-Parkour-Game/Deth_Grip_2.0_Parkour/DethGrip/Content/FirstPerson_Main/Blueprints/Player/BP_FirstPersonPlayerController.uasset" 1629
"C:/Users/B00645723/Documents/GitHub/DethGrip-Parkour-Game/Deth_Grip_2.0_Parkour/DethGrip/Content/FirstPerson_Main/Blueprints/Player/BP_FirstPersonPlayerController.uexp" 1630
"C:/Users/B00645723/Documents/GitHub/DethGrip-Parkour-Game/Deth_Grip_2.0_Parkour/DethGrip/Content/FirstPerson_Main/Blueprints/Player/BP_FirstPersonGameMode.uasset" 1631
"C:/Users/B00645723/Documents/GitHub/DethGrip-Parkour-Game/Deth_Grip_2.0_Parkour/DethGrip/Content/FirstPerson_Main/Blueprints/Player/BP_FirstPersonGameMode.uexp" 1632
"C:/Users/B00645723/Documents/GitHub/DethGrip-Parkour-Game/Deth_Grip_2.0_Parkour/DethGrip/Content/FirstPerson_Main/Maps/DethGrip_Map_BuiltData.ubulk" 1633
"C:/Users/B00645723/Documents/GitHub/DethGrip-Parkour-Game/Deth_Grip_2.0_Parkour/DethGrip/Content/FirstPerson_Main/Maps/DethGrip_Map_BuiltData.uasset" 1634
"C:/Users/B00645723/Documents/GitHub/DethGrip-Parkour-Game/Deth_Grip_2.0_Parkour/DethGrip/Content/FirstPerson_Main/Maps/DethGrip_Map_BuiltData.uexp" 1635
"C:/Users/B00645723/Documents/GitHub/DethGrip-Parkour-Game/Deth_Grip_2.0_Parkour/DethGrip/Content/FirstPerson_Main/Maps/DethGrip_Map.uexp" 1636
"C:/Users/B00645723/Documents/GitHub/DethGrip-Parkour-Game/Deth_Grip_2.0_Parkour/DethGrip/Content/FirstPerson_Main/Maps/DethGrip_Map.umap" 1637
"../../../Engine/Content/Maps/Entry_BuiltData.uasset" 1638
"../../../Engine/Content/Maps/Entry_BuiltData.uexp" 1639
"../../../Engine/Content/Maps/Entry.uexp" 1640
"../../../Engine/Content/Maps/Entry.umap" 1641
